T104A,1,1,1,1
T104C,1,1,1,1
T104D,1,1,1,1
T104E,1,1,1,1
T104F,1,1,1,1
T104G,1,1,1,1
T104H,1,1,1,1
T104I,1,1,1,1
T104K,1,1,1,1
T104L,1,1,1,1
T104M,1,1,1,1
T104N,1,1,1,1
T104P,1,1,1,1
T104Q,1,1,1,1
T104R,1,1,1,1
T104S,1,1,1,1
T104T,0,0,0,0
T104V,1,1,1,1
T104W,1,1,1,1
T104Y,1,1,1,1
H105A,1,1,1,1
H105C,1,1,1,1
H105D,1,1,1,1
H105E,1,1,1,1
H105F,1,1,1,1
H105G,1,1,1,1
H105H,0,0,0,0
H105I,1,1,1,1
H105K,1,1,1,1
H105L,1,1,1,1
H105M,1,1,1,1
H105N,1,1,1,1
H105P,1,1,1,1
H105Q,1,1,1,1
H105R,1,1,1,1
H105S,1,1,1,1
H105T,1,1,1,1
H105V,1,1,1,1
H105W,1,1,1,1
H105Y,1,1,1,1
V106A,1,1,1,1
V106C,1,1,1,1
V106D,1,1,1,1
V106E,1,1,1,1
V106F,1,1,1,1
V106G,1,1,1,1
V106H,1,1,1,1
V106I,1,1,1,1
V106K,1,1,1,1
V106L,1,1,1,1
V106M,1,1,1,1
V106N,1,1,1,1
V106P,1,1,1,1
V106Q,1,1,1,1
V106R,1,1,1,1
V106S,1,1,1,1
V106T,1,1,1,1
V106V,0,0,0,0
V106W,1,1,1,1
V106Y,1,1,1,1
Q107A,1,1,1,1
Q107C,1,1,1,1
Q107D,1,1,1,1
Q107E,1,1,1,1
Q107F,1,1,1,1
Q107G,1,1,1,1
Q107H,1,1,1,1
Q107I,1,1,1,1
Q107K,1,1,1,1
Q107L,1,1,1,1
Q107M,1,1,1,1
Q107N,1,1,1,1
Q107P,1,1,1,1
Q107Q,0,0,0,0
Q107R,1,1,1,1
Q107S,1,1,1,1
Q107T,1,1,1,1
Q107V,1,1,1,1
Q107W,1,1,1,1
Q107Y,1,1,1,1
G108A,1,1,1,1
G108C,1,1,1,1
G108D,1,1,1,1
G108E,1,1,1,1
G108F,1,1,1,1
G108G,0,0,0,0
G108H,1,1,1,1
G108I,1,1,1,1
G108K,1,1,1,1
G108L,1,1,1,1
G108M,1,1,1,1
G108N,1,1,1,1
G108P,1,1,1,1
G108Q,1,1,1,1
G108R,1,1,1,1
G108S,1,1,1,1
G108T,1,1,1,1
G108V,1,1,1,1
G108W,1,1,1,1
G108Y,1,1,1,1
R109A,1,1,1,1
R109C,1,1,1,1
R109D,1,1,1,1
R109E,1,1,1,1
R109F,1,1,1,1
R109G,1,1,1,1
R109H,1,1,1,1
R109I,1,1,1,1
R109K,1,1,1,1
R109L,1,1,1,1
R109M,1,1,1,1
R109N,1,1,1,1
R109P,1,1,1,1
R109Q,1,1,1,1
R109R,0,0,0,0
R109S,1,1,1,1
R109T,1,1,1,1
R109V,1,1,1,1
R109W,1,1,1,1
R109Y,1,1,1,1
V110A,1,1,1,1
V110C,1,1,1,1
V110D,1,1,1,1
V110E,1,1,1,1
V110F,1,1,1,1
V110G,1,1,1,1
V110H,1,1,1,1
V110I,1,1,1,1
V110K,1,1,1,1
V110L,1,1,1,1
V110M,1,1,1,1
V110N,1,1,1,1
V110P,1,1,1,1
V110Q,1,1,1,1
V110R,1,1,1,1
V110S,1,1,1,1
V110T,1,1,1,1
V110V,0,0,0,0
V110W,1,1,1,1
V110Y,1,1,1,1
Y111A,1,1,1,1
Y111C,1,1,1,1
Y111D,1,1,1,1
Y111E,1,1,1,1
Y111F,1,1,1,1
Y111G,1,1,1,1
Y111H,1,1,1,1
Y111I,1,1,1,1
Y111K,1,1,1,1
Y111L,1,1,1,1
Y111M,1,1,1,1
Y111N,1,1,1,1
Y111P,1,1,1,1
Y111Q,1,1,1,1
Y111R,1,1,1,1
Y111S,1,1,1,1
Y111T,1,1,1,1
Y111V,1,1,1,1
Y111W,1,1,1,1
Y111Y,0,0,0,0
N112A,1,1,1,1
N112C,1,1,1,1
N112D,1,1,1,1
N112E,1,1,1,1
N112F,1,1,1,1
N112G,1,1,1,1
N112H,1,1,1,1
N112I,1,1,1,1
N112K,1,1,1,1
N112L,1,1,1,1
N112M,1,1,1,1
N112N,0,0,0,0
N112P,1,1,1,1
N112Q,1,1,1,1
N112R,1,1,1,1
N112S,1,1,1,1
N112T,1,1,1,1
N112V,1,1,1,1
N112W,1,1,1,1
N112Y,1,1,1,1
F113A,1,1,1,1
F113C,1,1,1,1
F113D,1,1,1,1
F113E,1,1,1,1
F113F,0,0,0,0
F113G,1,1,1,1
F113H,1,1,1,1
F113I,1,1,1,1
F113K,1,1,1,1
F113L,1,1,1,1
F113M,1,1,1,1
F113N,1,1,1,1
F113P,1,1,1,1
F113Q,1,1,1,1
F113R,1,1,1,1
F113S,1,1,1,1
F113T,1,1,1,1
F113V,1,1,1,1
F113W,1,1,1,1
F113Y,1,1,1,1
L114A,1,1,1,1
L114C,1,1,1,1
L114D,1,1,1,1
L114E,1,1,1,1
L114F,1,1,1,1
L114G,1,1,1,1
L114H,1,1,1,1
L114I,1,1,1,1
L114K,1,1,1,1
L114L,0,0,0,0
L114M,1,1,1,1
L114N,1,1,1,1
L114P,1,1,1,1
L114Q,1,1,1,1
L114R,1,1,1,1
L114S,1,1,1,1
L114T,1,1,1,1
L114V,1,1,1,1
L114W,1,1,1,1
L114Y,1,1,1,1
E115A,1,1,1,1
E115C,1,1,1,1
E115D,1,1,1,1
E115E,0,0,0,0
E115F,1,1,1,1
E115G,1,1,1,1
E115H,1,1,1,1
E115I,1,1,1,1
E115K,1,1,1,1
E115L,1,1,1,1
E115M,1,1,1,1
E115N,1,1,1,1
E115P,1,1,1,1
E115Q,1,1,1,1
E115R,1,1,1,1
E115S,1,1,1,1
E115T,1,1,1,1
E115V,1,1,1,1
E115W,1,1,1,1
E115Y,1,1,1,1
R116A,1,1,1,1
R116C,1,1,1,1
R116D,1,1,1,1
R116E,1,1,1,1
R116F,1,1,1,1
R116G,1,1,1,1
R116H,1,1,1,1
R116I,1,1,1,1
R116K,1,1,1,1
R116L,1,1,1,1
R116M,1,1,1,1
R116N,1,1,1,1
R116P,1,1,1,1
R116Q,1,1,1,1
R116R,0,0,0,0
R116S,1,1,1,1
R116T,1,1,1,1
R116V,1,1,1,1
R116W,1,1,1,1
R116Y,1,1,1,1
P117A,1,1,1,1
P117C,1,1,1,1
P117D,1,1,1,1
P117E,1,1,1,1
P117F,1,1,1,1
P117G,1,1,1,1
P117H,1,1,1,1
P117I,1,1,1,1
P117K,1,1,1,1
P117L,1,1,1,1
P117M,1,1,1,1
P117N,1,1,1,1
P117P,0,0,0,0
P117Q,1,1,1,1
P117R,1,1,1,1
P117S,1,1,1,1
P117T,1,1,1,1
P117V,1,1,1,1
P117W,1,1,1,1
P117Y,1,1,1,1
T118A,1,1,1,1
T118C,1,1,1,1
T118D,1,1,1,1
T118E,1,1,1,1
T118F,1,1,1,1
T118G,1,1,1,1
T118H,1,1,1,1
T118I,1,1,1,1
T118K,1,1,1,1
T118L,1,1,1,1
T118M,1,1,1,1
T118N,1,1,1,1
T118P,1,1,1,1
T118Q,1,1,1,1
T118R,1,1,1,1
T118S,1,1,1,1
T118T,0,0,0,0
T118V,1,1,1,1
T118W,1,1,1,1
T118Y,1,1,1,1
G119A,1,1,1,1
G119C,1,1,1,1
G119D,1,1,1,1
G119E,1,1,1,1
G119F,1,1,1,1
G119G,0,0,0,0
G119H,1,1,1,1
G119I,1,1,1,1
G119K,1,1,1,1
G119L,1,1,1,1
G119M,1,1,1,1
G119N,1,1,1,1
G119P,1,1,1,1
G119Q,1,1,1,1
G119R,1,1,1,1
G119S,1,1,1,1
G119T,1,1,1,1
G119V,1,1,1,1
G119W,1,1,1,1
G119Y,1,1,1,1
W120A,1,1,1,1
W120C,1,1,1,1
W120D,1,1,1,1
W120E,1,1,1,1
W120F,1,1,1,1
W120G,1,1,1,1
W120H,1,1,1,1
W120I,1,1,1,1
W120K,1,1,1,1
W120L,1,1,1,1
W120M,1,1,1,1
W120N,1,1,1,1
W120P,1,1,1,1
W120Q,1,1,1,1
W120R,1,1,1,1
W120S,1,1,1,1
W120T,1,1,1,1
W120V,1,1,1,1
W120W,0,0,0,0
W120Y,1,1,1,1
K121A,1,1,1,1
K121C,1,1,1,1
K121D,1,1,1,1
K121E,1,1,1,1
K121F,1,1,1,1
K121G,1,1,1,1
K121H,1,1,1,1
K121I,1,1,1,1
K121K,0,0,0,0
K121L,1,1,1,1
K121M,1,1,1,1
K121N,1,1,1,1
K121P,1,1,1,1
K121Q,1,1,1,1
K121R,1,1,1,1
K121S,1,1,1,1
K121T,1,1,1,1
K121V,1,1,1,1
K121W,1,1,1,1
K121Y,1,1,1,1
C122A,1,1,1,1
C122C,0,0,0,0
C122D,1,1,1,1
C122E,1,1,1,1
C122F,1,1,1,1
C122G,1,1,1,1
C122H,1,1,1,1
C122I,1,1,1,1
C122K,1,1,1,1
C122L,1,1,1,1
C122M,1,1,1,1
C122N,1,1,1,1
C122P,1,1,1,1
C122Q,1,1,1,1
C122R,1,1,1,1
C122S,1,1,1,1
C122T,1,1,1,1
C122V,1,1,1,1
C122W,1,1,1,1
C122Y,1,1,1,1
F123A,1,1,1,1
F123C,1,1,1,1
F123D,1,1,1,1
F123E,1,1,1,1
F123F,0,0,0,0
F123G,1,1,1,1
F123H,1,1,1,1
F123I,1,1,1,1
F123K,1,1,1,1
F123L,1,1,1,1
F123M,1,1,1,1
F123N,1,1,1,1
F123P,1,1,1,1
F123Q,1,1,1,1
F123R,1,1,1,1
F123S,1,1,1,1
F123T,1,1,1,1
F123V,1,1,1,1
F123W,1,1,1,1
F123Y,1,1,1,1
V124A,1,1,1,1
V124C,1,1,1,1
V124D,1,1,1,1
V124E,1,1,1,1
V124F,1,1,1,1
V124G,1,1,1,1
V124H,1,1,1,1
V124I,1,1,1,1
V124K,1,1,1,1
V124L,1,1,1,1
V124M,1,1,1,1
V124N,1,1,1,1
V124P,1,1,1,1
V124Q,1,1,1,1
V124R,1,1,1,1
V124S,1,1,1,1
V124T,1,1,1,1
V124V,0,0,0,0
V124W,1,1,1,1
V124Y,1,1,1,1
Y125A,1,1,1,1
Y125C,1,1,1,1
Y125D,1,1,1,1
Y125E,1,1,1,1
Y125F,1,1,1,1
Y125G,1,1,1,1
Y125H,1,1,1,1
Y125I,1,1,1,1
Y125K,1,1,1,1
Y125L,1,1,1,1
Y125M,1,1,1,1
Y125N,1,1,1,1
Y125P,1,1,1,1
Y125Q,1,1,1,1
Y125R,1,1,1,1
Y125S,1,1,1,1
Y125T,1,1,1,1
Y125V,1,1,1,1
Y125W,1,1,1,1
Y125Y,0,0,0,0
H126A,1,1,1,1
H126C,1,1,1,1
H126D,1,1,1,1
H126E,1,1,1,1
H126F,1,1,1,1
H126G,1,1,1,1
H126H,0,0,0,0
H126I,1,1,1,1
H126K,1,1,1,1
H126L,1,1,1,1
H126M,1,1,1,1
H126N,1,1,1,1
H126P,1,1,1,1
H126Q,1,1,1,1
H126R,1,1,1,1
H126S,1,1,1,1
H126T,1,1,1,1
H126V,1,1,1,1
H126W,1,1,1,1
H126Y,1,1,1,1
F127A,1,1,1,1
F127C,1,1,1,1
F127D,1,1,1,1
F127E,1,1,1,1
F127F,0,0,0,0
F127G,1,1,1,1
F127H,1,1,1,1
F127I,1,1,1,1
F127K,1,1,1,1
F127L,1,1,1,1
F127M,1,1,1,1
F127N,1,1,1,1
F127P,1,1,1,1
F127Q,1,1,1,1
F127R,1,1,1,1
F127S,1,1,1,1
F127T,1,1,1,1
F127V,1,1,1,1
F127W,1,1,1,1
F127Y,1,1,1,1
A128A,0,0,0,0
A128C,1,1,1,1
A128D,1,1,1,1
A128E,1,1,1,1
A128F,1,1,1,1
A128G,1,1,1,1
A128H,1,1,1,1
A128I,1,1,1,1
A128K,1,1,1,1
A128L,1,1,1,1
A128M,1,1,1,1
A128N,1,1,1,1
A128P,1,1,1,1
A128Q,1,1,1,1
A128R,1,1,1,1
A128S,1,1,1,1
A128T,1,1,1,1
A128V,1,1,1,1
A128W,1,1,1,1
A128Y,1,1,1,1
V129A,1,1,1,1
V129C,1,1,1,1
V129D,1,1,1,1
V129E,1,1,1,1
V129F,1,1,1,1
V129G,1,1,1,1
V129H,1,1,1,1
V129I,1,1,1,1
V129K,1,1,1,1
V129L,1,1,1,1
V129M,1,1,1,1
V129N,1,1,1,1
V129P,1,1,1,1
V129Q,1,1,1,1
V129R,1,1,1,1
V129S,1,1,1,1
V129T,1,1,1,1
V129V,0,0,0,0
V129W,1,1,1,1
V129Y,1,1,1,1
F130A,1,1,1,1
F130C,1,1,1,1
F130D,1,1,1,1
F130E,1,1,1,1
F130F,0,0,0,0
F130G,1,1,1,1
F130H,1,1,1,1
F130I,1,1,1,1
F130K,1,1,1,1
F130L,1,1,1,1
F130M,1,1,1,1
F130N,1,1,1,1
F130P,1,1,1,1
F130Q,1,1,1,1
F130R,1,1,1,1
F130S,1,1,1,1
F130T,1,1,1,1
F130V,1,1,1,1
F130W,1,1,1,1
F130Y,1,1,1,1
L131A,1,1,1,1
L131C,1,1,1,1
L131D,1,1,1,1
L131E,1,1,1,1
L131F,1,1,1,1
L131G,1,1,1,1
L131H,1,1,1,1
L131I,1,1,1,1
L131K,1,1,1,1
L131L,0,0,0,0
L131M,1,1,1,1
L131N,1,1,1,1
L131P,1,1,1,1
L131Q,1,1,1,1
L131R,1,1,1,1
L131S,1,1,1,1
L131T,1,1,1,1
L131V,1,1,1,1
L131W,1,1,1,1
L131Y,1,1,1,1
I132A,1,1,1,1
I132C,1,1,1,1
I132D,1,1,1,1
I132E,1,1,1,1
I132F,1,1,1,1
I132G,1,1,1,1
I132H,1,1,1,1
I132I,0,0,0,0
I132K,1,1,1,1
I132L,1,1,1,1
I132M,1,1,1,1
I132N,1,1,1,1
I132P,1,1,1,1
I132Q,1,1,1,1
I132R,1,1,1,1
I132S,1,1,1,1
I132T,1,1,1,1
I132V,1,1,1,1
I132W,1,1,1,1
I132Y,1,1,1,1
V133A,1,1,1,1
V133C,1,1,1,1
V133D,1,1,1,1
V133E,1,1,1,1
V133F,1,1,1,1
V133G,1,1,1,1
V133H,1,1,1,1
V133I,1,1,1,1
V133K,1,1,1,1
V133L,1,1,1,1
V133M,1,1,1,1
V133N,1,1,1,1
V133P,1,1,1,1
V133Q,1,1,1,1
V133R,1,1,1,1
V133S,1,1,1,1
V133T,1,1,1,1
V133V,0,0,0,0
V133W,1,1,1,1
V133Y,1,1,1,1
L134A,1,1,1,1
L134C,1,1,1,1
L134D,1,1,1,1
L134E,1,1,1,1
L134F,1,1,1,1
L134G,1,1,1,1
L134H,1,1,1,1
L134I,1,1,1,1
L134K,1,1,1,1
L134L,0,0,0,0
L134M,1,1,1,1
L134N,1,1,1,1
L134P,1,1,1,1
L134Q,1,1,1,1
L134R,1,1,1,1
L134S,1,1,1,1
L134T,1,1,1,1
L134V,1,1,1,1
L134W,1,1,1,1
L134Y,1,1,1,1
V135A,1,1,1,1
V135C,1,1,1,1
V135D,1,1,1,1
V135E,1,1,1,1
V135F,1,1,1,1
V135G,1,1,1,1
V135H,1,1,1,1
V135I,1,1,1,1
V135K,1,1,1,1
V135L,1,1,1,1
V135M,1,1,1,1
V135N,1,1,1,1
V135P,1,1,1,1
V135Q,1,1,1,1
V135R,1,1,1,1
V135S,1,1,1,1
V135T,1,1,1,1
V135V,0,0,0,0
V135W,1,1,1,1
V135Y,1,1,1,1
C136A,1,1,1,1
C136C,0,0,0,0
C136D,1,1,1,1
C136E,1,1,1,1
C136F,1,1,1,1
C136G,1,1,1,1
C136H,1,1,1,1
C136I,1,1,1,1
C136K,1,1,1,1
C136L,1,1,1,1
C136M,1,1,1,1
C136N,1,1,1,1
C136P,1,1,1,1
C136Q,1,1,1,1
C136R,1,1,1,1
C136S,1,1,1,1
C136T,1,1,1,1
C136V,1,1,1,1
C136W,1,1,1,1
C136Y,1,1,1,1
L137A,1,1,1,1
L137C,1,1,1,1
L137D,1,1,1,1
L137E,1,1,1,1
L137F,1,1,1,1
L137G,1,1,1,1
L137H,1,1,1,1
L137I,1,1,1,1
L137K,1,1,1,1
L137L,0,0,0,0
L137M,1,1,1,1
L137N,1,1,1,1
L137P,1,1,1,1
L137Q,1,1,1,1
L137R,1,1,1,1
L137S,1,1,1,1
L137T,1,1,1,1
L137V,1,1,1,1
L137W,1,1,1,1
L137Y,1,1,1,1
I138A,1,1,1,1
I138C,1,1,1,1
I138D,1,1,1,1
I138E,1,1,1,1
I138F,1,1,1,1
I138G,1,1,1,1
I138H,1,1,1,1
I138I,0,0,0,0
I138K,1,1,1,1
I138L,1,1,1,1
I138M,1,1,1,1
I138N,1,1,1,1
I138P,1,1,1,1
I138Q,1,1,1,1
I138R,1,1,1,1
I138S,1,1,1,1
I138T,1,1,1,1
I138V,1,1,1,1
I138W,1,1,1,1
I138Y,1,1,1,1
F139A,1,1,1,1
F139C,1,1,1,1
F139D,1,1,1,1
F139E,1,1,1,1
F139F,0,0,0,0
F139G,1,1,1,1
F139H,1,1,1,1
F139I,1,1,1,1
F139K,1,1,1,1
F139L,1,1,1,1
F139M,1,1,1,1
F139N,1,1,1,1
F139P,1,1,1,1
F139Q,1,1,1,1
F139R,1,1,1,1
F139S,1,1,1,1
F139T,1,1,1,1
F139V,1,1,1,1
F139W,1,1,1,1
F139Y,1,1,1,1
S140A,1,1,1,1
S140C,1,1,1,1
S140D,1,1,1,1
S140E,1,1,1,1
S140F,1,1,1,1
S140G,1,1,1,1
S140H,1,1,1,1
S140I,1,1,1,1
S140K,1,1,1,1
S140L,1,1,1,1
S140M,1,1,1,1
S140N,1,1,1,1
S140P,1,1,1,1
S140Q,1,1,1,1
S140R,1,1,1,1
S140S,0,0,0,0
S140T,1,1,1,1
S140V,1,1,1,1
S140W,1,1,1,1
S140Y,1,1,1,1
V141A,1,1,1,1
V141C,1,1,1,1
V141D,1,1,1,1
V141E,1,1,1,1
V141F,1,1,1,1
V141G,1,1,1,1
V141H,1,1,1,1
V141I,1,1,1,1
V141K,1,1,1,1
V141L,1,1,1,1
V141M,1,1,1,1
V141N,1,1,1,1
V141P,1,1,1,1
V141Q,1,1,1,1
V141R,1,1,1,1
V141S,1,1,1,1
V141T,1,1,1,1
V141V,0,0,0,0
V141W,1,1,1,1
V141Y,1,1,1,1
L142A,1,1,1,1
L142C,1,1,1,1
L142D,1,1,1,1
L142E,1,1,1,1
L142F,1,1,1,1
L142G,1,1,1,1
L142H,1,1,1,1
L142I,1,1,1,1
L142K,1,1,1,1
L142L,0,0,0,0
L142M,1,1,1,1
L142N,1,1,1,1
L142P,1,1,1,1
L142Q,1,1,1,1
L142R,1,1,1,1
L142S,1,1,1,1
L142T,1,1,1,1
L142V,1,1,1,1
L142W,1,1,1,1
L142Y,1,1,1,1
S143A,1,1,1,1
S143C,1,1,1,1
S143D,1,1,1,1
S143E,1,1,1,1
S143F,1,1,1,1
S143G,1,1,1,1
S143H,1,1,1,1
S143I,1,1,1,1
S143K,1,1,1,1
S143L,1,1,1,1
S143M,1,1,1,1
S143N,1,1,1,1
S143P,1,1,1,1
S143Q,1,1,1,1
S143R,1,1,1,1
S143S,0,0,0,0
S143T,1,1,1,1
S143V,1,1,1,1
S143W,1,1,1,1
S143Y,1,1,1,1
T144A,1,1,1,1
T144C,1,1,1,1
T144D,1,1,1,1
T144E,1,1,1,1
T144F,1,1,1,1
T144G,1,1,1,1
T144H,1,1,1,1
T144I,1,1,1,1
T144K,1,1,1,1
T144L,1,1,1,1
T144M,1,1,1,1
T144N,1,1,1,1
T144P,1,1,1,1
T144Q,1,1,1,1
T144R,1,1,1,1
T144S,1,1,1,1
T144T,0,0,0,0
T144V,1,1,1,1
T144W,1,1,1,1
T144Y,1,1,1,1
I145A,1,1,1,1
I145C,1,1,1,1
I145D,1,1,1,1
I145E,1,1,1,1
I145F,1,1,1,1
I145G,1,1,1,1
I145H,1,1,1,1
I145I,0,0,0,0
I145K,1,1,1,1
I145L,1,1,1,1
I145M,1,1,1,1
I145N,1,1,1,1
I145P,1,1,1,1
I145Q,1,1,1,1
I145R,1,1,1,1
I145S,1,1,1,1
I145T,1,1,1,1
I145V,1,1,1,1
I145W,1,1,1,1
I145Y,1,1,1,1
E146A,1,1,1,1
E146C,1,1,1,1
E146D,1,1,1,1
E146E,0,0,0,0
E146F,1,1,1,1
E146G,1,1,1,1
E146H,1,1,1,1
E146I,1,1,1,1
E146K,1,1,1,1
E146L,1,1,1,1
E146M,1,1,1,1
E146N,1,1,1,1
E146P,1,1,1,1
E146Q,1,1,1,1
E146R,1,1,1,1
E146S,1,1,1,1
E146T,1,1,1,1
E146V,1,1,1,1
E146W,1,1,1,1
E146Y,1,1,1,1
Q147A,1,1,1,1
Q147C,1,1,1,1
Q147D,1,1,1,1
Q147E,1,1,1,1
Q147F,1,1,1,1
Q147G,1,1,1,1
Q147H,1,1,1,1
Q147I,1,1,1,1
Q147K,1,1,1,1
Q147L,1,1,1,1
Q147M,1,1,1,1
Q147N,1,1,1,1
Q147P,1,1,1,1
Q147Q,0,0,0,0
Q147R,1,1,1,1
Q147S,1,1,1,1
Q147T,1,1,1,1
Q147V,1,1,1,1
Q147W,1,1,1,1
Q147Y,1,1,1,1
Y148A,1,1,1,1
Y148C,1,1,1,1
Y148D,1,1,1,1
Y148E,1,1,1,1
Y148F,1,1,1,1
Y148G,1,1,1,1
Y148H,1,1,1,1
Y148I,1,1,1,1
Y148K,1,1,1,1
Y148L,1,1,1,1
Y148M,1,1,1,1
Y148N,1,1,1,1
Y148P,1,1,1,1
Y148Q,1,1,1,1
Y148R,1,1,1,1
Y148S,1,1,1,1
Y148T,1,1,1,1
Y148V,1,1,1,1
Y148W,1,1,1,1
Y148Y,0,0,0,0
A149A,0,0,0,0
A149C,1,1,1,1
A149D,1,1,1,1
A149E,1,1,1,1
A149F,1,1,1,1
A149G,1,1,1,1
A149H,1,1,1,1
A149I,1,1,1,1
A149K,1,1,1,1
A149L,1,1,1,1
A149M,1,1,1,1
A149N,1,1,1,1
A149P,1,1,1,1
A149Q,1,1,1,1
A149R,1,1,1,1
A149S,1,1,1,1
A149T,1,1,1,1
A149V,1,1,1,1
A149W,1,1,1,1
A149Y,1,1,1,1
A150A,0,0,0,0
A150C,1,1,1,1
A150D,1,1,1,1
A150E,1,1,1,1
A150F,1,1,1,1
A150G,1,1,1,1
A150H,1,1,1,1
A150I,1,1,1,1
A150K,1,1,1,1
A150L,1,1,1,1
A150M,1,1,1,1
A150N,1,1,1,1
A150P,1,1,1,1
A150Q,1,1,1,1
A150R,1,1,1,1
A150S,1,1,1,1
A150T,1,1,1,1
A150V,1,1,1,1
A150W,1,1,1,1
A150Y,1,1,1,1
L151A,1,1,1,1
L151C,1,1,1,1
L151D,1,1,1,1
L151E,1,1,1,1
L151F,1,1,1,1
L151G,1,1,1,1
L151H,1,1,1,1
L151I,1,1,1,1
L151K,1,1,1,1
L151L,0,0,0,0
L151M,1,1,1,1
L151N,1,1,1,1
L151P,1,1,1,1
L151Q,1,1,1,1
L151R,1,1,1,1
L151S,1,1,1,1
L151T,1,1,1,1
L151V,1,1,1,1
L151W,1,1,1,1
L151Y,1,1,1,1
A152A,0,0,0,0
A152C,1,1,1,1
A152D,1,1,1,1
A152E,1,1,1,1
A152F,1,1,1,1
A152G,1,1,1,1
A152H,1,1,1,1
A152I,1,1,1,1
A152K,1,1,1,1
A152L,1,1,1,1
A152M,1,1,1,1
A152N,1,1,1,1
A152P,1,1,1,1
A152Q,1,1,1,1
A152R,1,1,1,1
A152S,1,1,1,1
A152T,1,1,1,1
A152V,1,1,1,1
A152W,1,1,1,1
A152Y,1,1,1,1
T153A,1,1,1,1
T153C,1,1,1,1
T153D,1,1,1,1
T153E,1,1,1,1
T153F,1,1,1,1
T153G,1,1,1,1
T153H,1,1,1,1
T153I,1,1,1,1
T153K,1,1,1,1
T153L,1,1,1,1
T153M,1,1,1,1
T153N,1,1,1,1
T153P,1,1,1,1
T153Q,1,1,1,1
T153R,1,1,1,1
T153S,1,1,1,1
T153T,0,0,0,0
T153V,1,1,1,1
T153W,1,1,1,1
T153Y,1,1,1,1
G154A,1,1,1,1
G154C,1,1,1,1
G154D,1,1,1,1
G154E,1,1,1,1
G154F,1,1,1,1
G154G,0,0,0,0
G154H,1,1,1,1
G154I,1,1,1,1
G154K,1,1,1,1
G154L,1,1,1,1
G154M,1,1,1,1
G154N,1,1,1,1
G154P,1,1,1,1
G154Q,1,1,1,1
G154R,1,1,1,1
G154S,1,1,1,1
G154T,1,1,1,1
G154V,1,1,1,1
G154W,1,1,1,1
G154Y,1,1,1,1
T155A,1,1,1,1
T155C,1,1,1,1
T155D,1,1,1,1
T155E,1,1,1,1
T155F,1,1,1,1
T155G,1,1,1,1
T155H,1,1,1,1
T155I,1,1,1,1
T155K,1,1,1,1
T155L,1,1,1,1
T155M,1,1,1,1
T155N,1,1,1,1
T155P,1,1,1,1
T155Q,1,1,1,1
T155R,1,1,1,1
T155S,1,1,1,1
T155T,0,0,0,0
T155V,1,1,1,1
T155W,1,1,1,1
T155Y,1,1,1,1
L156A,1,1,1,1
L156C,1,1,1,1
L156D,1,1,1,1
L156E,1,1,1,1
L156F,1,1,1,1
L156G,1,1,1,1
L156H,1,1,1,1
L156I,1,1,1,1
L156K,1,1,1,1
L156L,0,0,0,0
L156M,1,1,1,1
L156N,1,1,1,1
L156P,1,1,1,1
L156Q,1,1,1,1
L156R,1,1,1,1
L156S,1,1,1,1
L156T,1,1,1,1
L156V,1,1,1,1
L156W,1,1,1,1
L156Y,1,1,1,1
F157A,1,1,1,1
F157C,1,1,1,1
F157D,1,1,1,1
F157E,1,1,1,1
F157F,0,0,0,0
F157G,1,1,1,1
F157H,1,1,1,1
F157I,1,1,1,1
F157K,1,1,1,1
F157L,1,1,1,1
F157M,1,1,1,1
F157N,1,1,1,1
F157P,1,1,1,1
F157Q,1,1,1,1
F157R,1,1,1,1
F157S,1,1,1,1
F157T,1,1,1,1
F157V,1,1,1,1
F157W,1,1,1,1
F157Y,1,1,1,1
W158A,1,1,1,1
W158C,1,1,1,1
W158D,1,1,1,1
W158E,1,1,1,1
W158F,1,1,1,1
W158G,1,1,1,1
W158H,1,1,1,1
W158I,1,1,1,1
W158K,1,1,1,1
W158L,1,1,1,1
W158M,1,1,1,1
W158N,1,1,1,1
W158P,1,1,1,1
W158Q,1,1,1,1
W158R,1,1,1,1
W158S,1,1,1,1
W158T,1,1,1,1
W158V,1,1,1,1
W158W,0,0,0,0
W158Y,1,1,1,1
M159A,1,1,1,1
M159C,1,1,1,1
M159D,1,1,1,1
M159E,1,1,1,1
M159F,1,1,1,1
M159G,1,1,1,1
M159H,1,1,1,1
M159I,1,1,1,1
M159K,1,1,1,1
M159L,1,1,1,1
M159M,0,0,0,0
M159N,1,1,1,1
M159P,1,1,1,1
M159Q,1,1,1,1
M159R,1,1,1,1
M159S,1,1,1,1
M159T,1,1,1,1
M159V,1,1,1,1
M159W,1,1,1,1
M159Y,1,1,1,1
E160A,1,1,1,1
E160C,1,1,1,1
E160D,1,1,1,1
E160E,0,0,0,0
E160F,1,1,1,1
E160G,1,1,1,1
E160H,1,1,1,1
E160I,1,1,1,1
E160K,1,1,1,1
E160L,1,1,1,1
E160M,1,1,1,1
E160N,1,1,1,1
E160P,1,1,1,1
E160Q,1,1,1,1
E160R,1,1,1,1
E160S,1,1,1,1
E160T,1,1,1,1
E160V,1,1,1,1
E160W,1,1,1,1
E160Y,1,1,1,1
I161A,1,1,1,1
I161C,1,1,1,1
I161D,1,1,1,1
I161E,1,1,1,1
I161F,1,1,1,1
I161G,1,1,1,1
I161H,1,1,1,1
I161I,0,0,0,0
I161K,1,1,1,1
I161L,1,1,1,1
I161M,1,1,1,1
I161N,1,1,1,1
I161P,1,1,1,1
I161Q,1,1,1,1
I161R,1,1,1,1
I161S,1,1,1,1
I161T,1,1,1,1
I161V,1,1,1,1
I161W,1,1,1,1
I161Y,1,1,1,1
V162A,1,1,1,1
V162C,1,1,1,1
V162D,1,1,1,1
V162E,1,1,1,1
V162F,1,1,1,1
V162G,1,1,1,1
V162H,1,1,1,1
V162I,1,1,1,1
V162K,1,1,1,1
V162L,1,1,1,1
V162M,1,1,1,1
V162N,1,1,1,1
V162P,1,1,1,1
V162Q,1,1,1,1
V162R,1,1,1,1
V162S,1,1,1,1
V162T,1,1,1,1
V162V,0,0,0,0
V162W,1,1,1,1
V162Y,1,1,1,1
L163A,1,1,1,1
L163C,1,1,1,1
L163D,1,1,1,1
L163E,1,1,1,1
L163F,1,1,1,1
L163G,1,1,1,1
L163H,1,1,1,1
L163I,1,1,1,1
L163K,1,1,1,1
L163L,0,0,0,0
L163M,1,1,1,1
L163N,1,1,1,1
L163P,1,1,1,1
L163Q,1,1,1,1
L163R,1,1,1,1
L163S,1,1,1,1
L163T,1,1,1,1
L163V,1,1,1,1
L163W,1,1,1,1
L163Y,1,1,1,1
V164A,1,1,1,1
V164C,1,1,1,1
V164D,1,1,1,1
V164E,1,1,1,1
V164F,1,1,1,1
V164G,1,1,1,1
V164H,1,1,1,1
V164I,1,1,1,1
V164K,1,1,1,1
V164L,1,1,1,1
V164M,1,1,1,1
V164N,1,1,1,1
V164P,1,1,1,1
V164Q,1,1,1,1
V164R,1,1,1,1
V164S,1,1,1,1
V164T,1,1,1,1
V164V,0,0,0,0
V164W,1,1,1,1
V164Y,1,1,1,1
V165A,1,1,1,1
V165C,1,1,1,1
V165D,1,1,1,1
V165E,1,1,1,1
V165F,1,1,1,1
V165G,1,1,1,1
V165H,1,1,1,1
V165I,1,1,1,1
V165K,1,1,1,1
V165L,1,1,1,1
V165M,1,1,1,1
V165N,1,1,1,1
V165P,1,1,1,1
V165Q,1,1,1,1
V165R,1,1,1,1
V165S,1,1,1,1
V165T,1,1,1,1
V165V,0,0,0,0
V165W,1,1,1,1
V165Y,1,1,1,1
F166A,1,1,1,1
F166C,1,1,1,1
F166D,1,1,1,1
F166E,1,1,1,1
F166F,0,0,0,0
F166G,1,1,1,1
F166H,1,1,1,1
F166I,1,1,1,1
F166K,1,1,1,1
F166L,1,1,1,1
F166M,1,1,1,1
F166N,1,1,1,1
F166P,1,1,1,1
F166Q,1,1,1,1
F166R,1,1,1,1
F166S,1,1,1,1
F166T,1,1,1,1
F166V,1,1,1,1
F166W,1,1,1,1
F166Y,1,1,1,1
F167A,1,1,1,1
F167C,1,1,1,1
F167D,1,1,1,1
F167E,1,1,1,1
F167F,0,0,0,0
F167G,1,1,1,1
F167H,1,1,1,1
F167I,1,1,1,1
F167K,1,1,1,1
F167L,1,1,1,1
F167M,1,1,1,1
F167N,1,1,1,1
F167P,1,1,1,1
F167Q,1,1,1,1
F167R,1,1,1,1
F167S,1,1,1,1
F167T,1,1,1,1
F167V,1,1,1,1
F167W,1,1,1,1
F167Y,1,1,1,1
G168A,1,1,1,1
G168C,1,1,1,1
G168D,1,1,1,1
G168E,1,1,1,1
G168F,1,1,1,1
G168G,0,0,0,0
G168H,1,1,1,1
G168I,1,1,1,1
G168K,1,1,1,1
G168L,1,1,1,1
G168M,1,1,1,1
G168N,1,1,1,1
G168P,1,1,1,1
G168Q,1,1,1,1
G168R,1,1,1,1
G168S,1,1,1,1
G168T,1,1,1,1
G168V,1,1,1,1
G168W,1,1,1,1
G168Y,1,1,1,1
T169A,1,1,1,1
T169C,1,1,1,1
T169D,1,1,1,1
T169E,1,1,1,1
T169F,1,1,1,1
T169G,1,1,1,1
T169H,1,1,1,1
T169I,1,1,1,1
T169K,1,1,1,1
T169L,1,1,1,1
T169M,1,1,1,1
T169N,1,1,1,1
T169P,1,1,1,1
T169Q,1,1,1,1
T169R,1,1,1,1
T169S,1,1,1,1
T169T,0,0,0,0
T169V,1,1,1,1
T169W,1,1,1,1
T169Y,1,1,1,1
E170A,1,1,1,1
E170C,1,1,1,1
E170D,1,1,1,1
E170E,0,0,0,0
E170F,1,1,1,1
E170G,1,1,1,1
E170H,1,1,1,1
E170I,1,1,1,1
E170K,1,1,1,1
E170L,1,1,1,1
E170M,1,1,1,1
E170N,1,1,1,1
E170P,1,1,1,1
E170Q,1,1,1,1
E170R,1,1,1,1
E170S,1,1,1,1
E170T,1,1,1,1
E170V,1,1,1,1
E170W,1,1,1,1
E170Y,1,1,1,1
Y171A,1,1,1,1
Y171C,1,1,1,1
Y171D,1,1,1,1
Y171E,1,1,1,1
Y171F,1,1,1,1
Y171G,1,1,1,1
Y171H,1,1,1,1
Y171I,1,1,1,1
Y171K,1,1,1,1
Y171L,1,1,1,1
Y171M,1,1,1,1
Y171N,1,1,1,1
Y171P,1,1,1,1
Y171Q,1,1,1,1
Y171R,1,1,1,1
Y171S,1,1,1,1
Y171T,1,1,1,1
Y171V,1,1,1,1
Y171W,1,1,1,1
Y171Y,0,0,0,0
V172A,1,1,1,1
V172C,1,1,1,1
V172D,1,1,1,1
V172E,1,1,1,1
V172F,1,1,1,1
V172G,1,1,1,1
V172H,1,1,1,1
V172I,1,1,1,1
V172K,1,1,1,1
V172L,1,1,1,1
V172M,1,1,1,1
V172N,1,1,1,1
V172P,1,1,1,1
V172Q,1,1,1,1
V172R,1,1,1,1
V172S,1,1,1,1
V172T,1,1,1,1
V172V,0,0,0,0
V172W,1,1,1,1
V172Y,1,1,1,1
V173A,1,1,1,1
V173C,1,1,1,1
V173D,1,1,1,1
V173E,1,1,1,1
V173F,1,1,1,1
V173G,1,1,1,1
V173H,1,1,1,1
V173I,1,1,1,1
V173K,1,1,1,1
V173L,1,1,1,1
V173M,1,1,1,1
V173N,1,1,1,1
V173P,1,1,1,1
V173Q,1,1,1,1
V173R,1,1,1,1
V173S,1,1,1,1
V173T,1,1,1,1
V173V,0,0,0,0
V173W,1,1,1,1
V173Y,1,1,1,1
R174A,1,1,1,1
R174C,1,1,1,1
R174D,1,1,1,1
R174E,1,1,1,1
R174F,1,1,1,1
R174G,1,1,1,1
R174H,1,1,1,1
R174I,1,1,1,1
R174K,1,1,1,1
R174L,1,1,1,1
R174M,1,1,1,1
R174N,1,1,1,1
R174P,1,1,1,1
R174Q,1,1,1,1
R174R,0,0,0,0
R174S,1,1,1,1
R174T,1,1,1,1
R174V,1,1,1,1
R174W,1,1,1,1
R174Y,1,1,1,1
L175A,1,1,1,1
L175C,1,1,1,1
L175D,1,1,1,1
L175E,1,1,1,1
L175F,1,1,1,1
L175G,1,1,1,1
L175H,1,1,1,1
L175I,1,1,1,1
L175K,1,1,1,1
L175L,0,0,0,0
L175M,1,1,1,1
L175N,1,1,1,1
L175P,1,1,1,1
L175Q,1,1,1,1
L175R,1,1,1,1
L175S,1,1,1,1
L175T,1,1,1,1
L175V,1,1,1,1
L175W,1,1,1,1
L175Y,1,1,1,1
W176A,1,1,1,1
W176C,1,1,1,1
W176D,1,1,1,1
W176E,1,1,1,1
W176F,1,1,1,1
W176G,1,1,1,1
W176H,1,1,1,1
W176I,1,1,1,1
W176K,1,1,1,1
W176L,1,1,1,1
W176M,1,1,1,1
W176N,1,1,1,1
W176P,1,1,1,1
W176Q,1,1,1,1
W176R,1,1,1,1
W176S,1,1,1,1
W176T,1,1,1,1
W176V,1,1,1,1
W176W,0,0,0,0
W176Y,1,1,1,1
S177A,1,1,1,1
S177C,1,1,1,1
S177D,1,1,1,1
S177E,1,1,1,1
S177F,1,1,1,1
S177G,1,1,1,1
S177H,1,1,1,1
S177I,1,1,1,1
S177K,1,1,1,1
S177L,1,1,1,1
S177M,1,1,1,1
S177N,1,1,1,1
S177P,1,1,1,1
S177Q,1,1,1,1
S177R,1,1,1,1
S177S,0,0,0,0
S177T,1,1,1,1
S177V,1,1,1,1
S177W,1,1,1,1
S177Y,1,1,1,1
A178A,0,0,0,0
A178C,1,1,1,1
A178D,1,1,1,1
A178E,1,1,1,1
A178F,1,1,1,1
A178G,1,1,1,1
A178H,1,1,1,1
A178I,1,1,1,1
A178K,1,1,1,1
A178L,1,1,1,1
A178M,1,1,1,1
A178N,1,1,1,1
A178P,1,1,1,1
A178Q,1,1,1,1
A178R,1,1,1,1
A178S,1,1,1,1
A178T,1,1,1,1
A178V,1,1,1,1
A178W,1,1,1,1
A178Y,1,1,1,1
G179A,1,1,1,1
G179C,1,1,1,1
G179D,1,1,1,1
G179E,1,1,1,1
G179F,1,1,1,1
G179G,0,0,0,0
G179H,1,1,1,1
G179I,1,1,1,1
G179K,1,1,1,1
G179L,1,1,1,1
G179M,1,1,1,1
G179N,1,1,1,1
G179P,1,1,1,1
G179Q,1,1,1,1
G179R,1,1,1,1
G179S,1,1,1,1
G179T,1,1,1,1
G179V,1,1,1,1
G179W,1,1,1,1
G179Y,1,1,1,1
C180A,1,1,1,1
C180C,0,0,0,0
C180D,1,1,1,1
C180E,1,1,1,1
C180F,1,1,1,1
C180G,1,1,1,1
C180H,1,1,1,1
C180I,1,1,1,1
C180K,1,1,1,1
C180L,1,1,1,1
C180M,1,1,1,1
C180N,1,1,1,1
C180P,1,1,1,1
C180Q,1,1,1,1
C180R,1,1,1,1
C180S,1,1,1,1
C180T,1,1,1,1
C180V,1,1,1,1
C180W,1,1,1,1
C180Y,1,1,1,1
R181A,1,1,1,1
R181C,1,1,1,1
R181D,1,1,1,1
R181E,1,1,1,1
R181F,1,1,1,1
R181G,1,1,1,1
R181H,1,1,1,1
R181I,1,1,1,1
R181K,1,1,1,1
R181L,1,1,1,1
R181M,1,1,1,1
R181N,1,1,1,1
R181P,1,1,1,1
R181Q,1,1,1,1
R181R,0,0,0,0
R181S,1,1,1,1
R181T,1,1,1,1
R181V,1,1,1,1
R181W,1,1,1,1
R181Y,1,1,1,1
S182A,1,1,1,1
S182C,1,1,1,1
S182D,1,1,1,1
S182E,1,1,1,1
S182F,1,1,1,1
S182G,1,1,1,1
S182H,1,1,1,1
S182I,1,1,1,1
S182K,1,1,1,1
S182L,1,1,1,1
S182M,1,1,1,1
S182N,1,1,1,1
S182P,1,1,1,1
S182Q,1,1,1,1
S182R,1,1,1,1
S182S,0,0,0,0
S182T,1,1,1,1
S182V,1,1,1,1
S182W,1,1,1,1
S182Y,1,1,1,1
K183A,1,1,1,1
K183C,1,1,1,1
K183D,1,1,1,1
K183E,1,1,1,1
K183F,1,1,1,1
K183G,1,1,1,1
K183H,1,1,1,1
K183I,1,1,1,1
K183K,0,0,0,0
K183L,1,1,1,1
K183M,1,1,1,1
K183N,1,1,1,1
K183P,1,1,1,1
K183Q,1,1,1,1
K183R,1,1,1,1
K183S,1,1,1,1
K183T,1,1,1,1
K183V,1,1,1,1
K183W,1,1,1,1
K183Y,1,1,1,1
Y184A,1,1,1,1
Y184C,1,1,1,1
Y184D,1,1,1,1
Y184E,1,1,1,1
Y184F,1,1,1,1
Y184G,1,1,1,1
Y184H,1,1,1,1
Y184I,1,1,1,1
Y184K,1,1,1,1
Y184L,1,1,1,1
Y184M,1,1,1,1
Y184N,1,1,1,1
Y184P,1,1,1,1
Y184Q,1,1,1,1
Y184R,1,1,1,1
Y184S,1,1,1,1
Y184T,1,1,1,1
Y184V,1,1,1,1
Y184W,1,1,1,1
Y184Y,0,0,0,0
V185A,1,1,1,1
V185C,1,1,1,1
V185D,1,1,1,1
V185E,1,1,1,1
V185F,1,1,1,1
V185G,1,1,1,1
V185H,1,1,1,1
V185I,1,1,1,1
V185K,1,1,1,1
V185L,1,1,1,1
V185M,1,1,1,1
V185N,1,1,1,1
V185P,1,1,1,1
V185Q,1,1,1,1
V185R,1,1,1,1
V185S,1,1,1,1
V185T,1,1,1,1
V185V,0,0,0,0
V185W,1,1,1,1
V185Y,1,1,1,1
G186A,1,1,1,1
G186C,1,1,1,1
G186D,1,1,1,1
G186E,1,1,1,1
G186F,1,1,1,1
G186G,0,0,0,0
G186H,1,1,1,1
G186I,1,1,1,1
G186K,1,1,1,1
G186L,1,1,1,1
G186M,1,1,1,1
G186N,1,1,1,1
G186P,1,1,1,1
G186Q,1,1,1,1
G186R,1,1,1,1
G186S,1,1,1,1
G186T,1,1,1,1
G186V,1,1,1,1
G186W,1,1,1,1
G186Y,1,1,1,1
L187A,1,1,1,1
L187C,1,1,1,1
L187D,1,1,1,1
L187E,1,1,1,1
L187F,1,1,1,1
L187G,1,1,1,1
L187H,1,1,1,1
L187I,1,1,1,1
L187K,1,1,1,1
L187L,0,0,0,0
L187M,1,1,1,1
L187N,1,1,1,1
L187P,1,1,1,1
L187Q,1,1,1,1
L187R,1,1,1,1
L187S,1,1,1,1
L187T,1,1,1,1
L187V,1,1,1,1
L187W,1,1,1,1
L187Y,1,1,1,1
W188A,1,1,1,1
W188C,1,1,1,1
W188D,1,1,1,1
W188E,1,1,1,1
W188F,1,1,1,1
W188G,1,1,1,1
W188H,1,1,1,1
W188I,1,1,1,1
W188K,1,1,1,1
W188L,1,1,1,1
W188M,1,1,1,1
W188N,1,1,1,1
W188P,1,1,1,1
W188Q,1,1,1,1
W188R,1,1,1,1
W188S,1,1,1,1
W188T,1,1,1,1
W188V,1,1,1,1
W188W,0,0,0,0
W188Y,1,1,1,1
G189A,1,1,1,1
G189C,1,1,1,1
G189D,1,1,1,1
G189E,1,1,1,1
G189F,1,1,1,1
G189G,0,0,0,0
G189H,1,1,1,1
G189I,1,1,1,1
G189K,1,1,1,1
G189L,1,1,1,1
G189M,1,1,1,1
G189N,1,1,1,1
G189P,1,1,1,1
G189Q,1,1,1,1
G189R,1,1,1,1
G189S,1,1,1,1
G189T,1,1,1,1
G189V,1,1,1,1
G189W,1,1,1,1
G189Y,1,1,1,1
R190A,1,1,1,1
R190C,1,1,1,1
R190D,1,1,1,1
R190E,1,1,1,1
R190F,1,1,1,1
R190G,1,1,1,1
R190H,1,1,1,1
R190I,1,1,1,1
R190K,1,1,1,1
R190L,1,1,1,1
R190M,1,1,1,1
R190N,1,1,1,1
R190P,1,1,1,1
R190Q,1,1,1,1
R190R,0,0,0,0
R190S,1,1,1,1
R190T,1,1,1,1
R190V,1,1,1,1
R190W,1,1,1,1
R190Y,1,1,1,1
L191A,1,1,1,1
L191C,1,1,1,1
L191D,1,1,1,1
L191E,1,1,1,1
L191F,1,1,1,1
L191G,1,1,1,1
L191H,1,1,1,1
L191I,1,1,1,1
L191K,1,1,1,1
L191L,0,0,0,0
L191M,1,1,1,1
L191N,1,1,1,1
L191P,1,1,1,1
L191Q,1,1,1,1
L191R,1,1,1,1
L191S,1,1,1,1
L191T,1,1,1,1
L191V,1,1,1,1
L191W,1,1,1,1
L191Y,1,1,1,1
R192A,1,1,1,1
R192C,1,1,1,1
R192D,1,1,1,1
R192E,1,1,1,1
R192F,1,1,1,1
R192G,1,1,1,1
R192H,1,1,1,1
R192I,1,1,1,1
R192K,1,1,1,1
R192L,1,1,1,1
R192M,1,1,1,1
R192N,1,1,1,1
R192P,1,1,1,1
R192Q,1,1,1,1
R192R,0,0,0,0
R192S,1,1,1,1
R192T,1,1,1,1
R192V,1,1,1,1
R192W,1,1,1,1
R192Y,1,1,1,1
F193A,1,1,1,1
F193C,1,1,1,1
F193D,1,1,1,1
F193E,1,1,1,1
F193F,0,0,0,0
F193G,1,1,1,1
F193H,1,1,1,1
F193I,1,1,1,1
F193K,1,1,1,1
F193L,1,1,1,1
F193M,1,1,1,1
F193N,1,1,1,1
F193P,1,1,1,1
F193Q,1,1,1,1
F193R,1,1,1,1
F193S,1,1,1,1
F193T,1,1,1,1
F193V,1,1,1,1
F193W,1,1,1,1
F193Y,1,1,1,1
A194A,0,0,0,0
A194C,1,1,1,1
A194D,1,1,1,1
A194E,1,1,1,1
A194F,1,1,1,1
A194G,1,1,1,1
A194H,1,1,1,1
A194I,1,1,1,1
A194K,1,1,1,1
A194L,1,1,1,1
A194M,1,1,1,1
A194N,1,1,1,1
A194P,1,1,1,1
A194Q,1,1,1,1
A194R,1,1,1,1
A194S,1,1,1,1
A194T,1,1,1,1
A194V,1,1,1,1
A194W,1,1,1,1
A194Y,1,1,1,1
R195A,1,1,1,1
R195C,1,1,1,1
R195D,1,1,1,1
R195E,1,1,1,1
R195F,1,1,1,1
R195G,1,1,1,1
R195H,1,1,1,1
R195I,1,1,1,1
R195K,1,1,1,1
R195L,1,1,1,1
R195M,1,1,1,1
R195N,1,1,1,1
R195P,1,1,1,1
R195Q,1,1,1,1
R195R,0,0,0,0
R195S,1,1,1,1
R195T,1,1,1,1
R195V,1,1,1,1
R195W,1,1,1,1
R195Y,1,1,1,1
K196A,1,1,1,1
K196C,1,1,1,1
K196D,1,1,1,1
K196E,1,1,1,1
K196F,1,1,1,1
K196G,1,1,1,1
K196H,1,1,1,1
K196I,1,1,1,1
K196K,0,0,0,0
K196L,1,1,1,1
K196M,1,1,1,1
K196N,1,1,1,1
K196P,1,1,1,1
K196Q,1,1,1,1
K196R,1,1,1,1
K196S,1,1,1,1
K196T,1,1,1,1
K196V,1,1,1,1
K196W,1,1,1,1
K196Y,1,1,1,1
P197A,1,1,1,1
P197C,1,1,1,1
P197D,1,1,1,1
P197E,1,1,1,1
P197F,1,1,1,1
P197G,1,1,1,1
P197H,1,1,1,1
P197I,1,1,1,1
P197K,1,1,1,1
P197L,1,1,1,1
P197M,1,1,1,1
P197N,1,1,1,1
P197P,0,0,0,0
P197Q,1,1,1,1
P197R,1,1,1,1
P197S,1,1,1,1
P197T,1,1,1,1
P197V,1,1,1,1
P197W,1,1,1,1
P197Y,1,1,1,1
I198A,1,1,1,1
I198C,1,1,1,1
I198D,1,1,1,1
I198E,1,1,1,1
I198F,1,1,1,1
I198G,1,1,1,1
I198H,1,1,1,1
I198I,0,0,0,0
I198K,1,1,1,1
I198L,1,1,1,1
I198M,1,1,1,1
I198N,1,1,1,1
I198P,1,1,1,1
I198Q,1,1,1,1
I198R,1,1,1,1
I198S,1,1,1,1
I198T,1,1,1,1
I198V,1,1,1,1
I198W,1,1,1,1
I198Y,1,1,1,1
S199A,1,1,1,1
S199C,1,1,1,1
S199D,1,1,1,1
S199E,1,1,1,1
S199F,1,1,1,1
S199G,1,1,1,1
S199H,1,1,1,1
S199I,1,1,1,1
S199K,1,1,1,1
S199L,1,1,1,1
S199M,1,1,1,1
S199N,1,1,1,1
S199P,1,1,1,1
S199Q,1,1,1,1
S199R,1,1,1,1
S199S,0,0,0,0
S199T,1,1,1,1
S199V,1,1,1,1
S199W,1,1,1,1
S199Y,1,1,1,1
I200A,1,1,1,1
I200C,1,1,1,1
I200D,1,1,1,1
I200E,1,1,1,1
I200F,1,1,1,1
I200G,1,1,1,1
I200H,1,1,1,1
I200I,0,0,0,0
I200K,1,1,1,1
I200L,1,1,1,1
I200M,1,1,1,1
I200N,1,1,1,1
I200P,1,1,1,1
I200Q,1,1,1,1
I200R,1,1,1,1
I200S,1,1,1,1
I200T,1,1,1,1
I200V,1,1,1,1
I200W,1,1,1,1
I200Y,1,1,1,1
I201A,1,1,1,1
I201C,1,1,1,1
I201D,1,1,1,1
I201E,1,1,1,1
I201F,1,1,1,1
I201G,1,1,1,1
I201H,1,1,1,1
I201I,0,0,0,0
I201K,1,1,1,1
I201L,1,1,1,1
I201M,1,1,1,1
I201N,1,1,1,1
I201P,1,1,1,1
I201Q,1,1,1,1
I201R,1,1,1,1
I201S,1,1,1,1
I201T,1,1,1,1
I201V,1,1,1,1
I201W,1,1,1,1
I201Y,1,1,1,1
D202A,1,1,1,1
D202C,1,1,1,1
D202D,0,0,0,0
D202E,1,1,1,1
D202F,1,1,1,1
D202G,1,1,1,1
D202H,1,1,1,1
D202I,1,1,1,1
D202K,1,1,1,1
D202L,1,1,1,1
D202M,1,1,1,1
D202N,1,1,1,1
D202P,1,1,1,1
D202Q,1,1,1,1
D202R,1,1,1,1
D202S,1,1,1,1
D202T,1,1,1,1
D202V,1,1,1,1
D202W,1,1,1,1
D202Y,1,1,1,1
L203A,1,1,1,1
L203C,1,1,1,1
L203D,1,1,1,1
L203E,1,1,1,1
L203F,1,1,1,1
L203G,1,1,1,1
L203H,1,1,1,1
L203I,1,1,1,1
L203K,1,1,1,1
L203L,0,0,0,0
L203M,1,1,1,1
L203N,1,1,1,1
L203P,1,1,1,1
L203Q,1,1,1,1
L203R,1,1,1,1
L203S,1,1,1,1
L203T,1,1,1,1
L203V,1,1,1,1
L203W,1,1,1,1
L203Y,1,1,1,1
I204A,1,1,1,1
I204C,1,1,1,1
I204D,1,1,1,1
I204E,1,1,1,1
I204F,1,1,1,1
I204G,1,1,1,1
I204H,1,1,1,1
I204I,0,0,0,0
I204K,1,1,1,1
I204L,1,1,1,1
I204M,1,1,1,1
I204N,1,1,1,1
I204P,1,1,1,1
I204Q,1,1,1,1
I204R,1,1,1,1
I204S,1,1,1,1
I204T,1,1,1,1
I204V,1,1,1,1
I204W,1,1,1,1
I204Y,1,1,1,1
V205A,1,1,1,1
V205C,1,1,1,1
V205D,1,1,1,1
V205E,1,1,1,1
V205F,1,1,1,1
V205G,1,1,1,1
V205H,1,1,1,1
V205I,1,1,1,1
V205K,1,1,1,1
V205L,1,1,1,1
V205M,1,1,1,1
V205N,1,1,1,1
V205P,1,1,1,1
V205Q,1,1,1,1
V205R,1,1,1,1
V205S,1,1,1,1
V205T,1,1,1,1
V205V,0,0,0,0
V205W,1,1,1,1
V205Y,1,1,1,1
V206A,1,1,1,1
V206C,1,1,1,1
V206D,1,1,1,1
V206E,1,1,1,1
V206F,1,1,1,1
V206G,1,1,1,1
V206H,1,1,1,1
V206I,1,1,1,1
V206K,1,1,1,1
V206L,1,1,1,1
V206M,1,1,1,1
V206N,1,1,1,1
V206P,1,1,1,1
V206Q,1,1,1,1
V206R,1,1,1,1
V206S,1,1,1,1
V206T,1,1,1,1
V206V,0,0,0,0
V206W,1,1,1,1
V206Y,1,1,1,1
V207A,1,1,1,1
V207C,1,1,1,1
V207D,1,1,1,1
V207E,1,1,1,1
V207F,1,1,1,1
V207G,1,1,1,1
V207H,1,1,1,1
V207I,1,1,1,1
V207K,1,1,1,1
V207L,1,1,1,1
V207M,1,1,1,1
V207N,1,1,1,1
V207P,1,1,1,1
V207Q,1,1,1,1
V207R,1,1,1,1
V207S,1,1,1,1
V207T,1,1,1,1
V207V,0,0,0,0
V207W,1,1,1,1
V207Y,1,1,1,1
A208A,0,0,0,0
A208C,1,1,1,1
A208D,1,1,1,1
A208E,1,1,1,1
A208F,1,1,1,1
A208G,1,1,1,1
A208H,1,1,1,1
A208I,1,1,1,1
A208K,1,1,1,1
A208L,1,1,1,1
A208M,1,1,1,1
A208N,1,1,1,1
A208P,1,1,1,1
A208Q,1,1,1,1
A208R,1,1,1,1
A208S,1,1,1,1
A208T,1,1,1,1
A208V,1,1,1,1
A208W,1,1,1,1
A208Y,1,1,1,1
S209A,1,1,1,1
S209C,1,1,1,1
S209D,1,1,1,1
S209E,1,1,1,1
S209F,1,1,1,1
S209G,1,1,1,1
S209H,1,1,1,1
S209I,1,1,1,1
S209K,1,1,1,1
S209L,1,1,1,1
S209M,1,1,1,1
S209N,1,1,1,1
S209P,1,1,1,1
S209Q,1,1,1,1
S209R,1,1,1,1
S209S,0,0,0,0
S209T,1,1,1,1
S209V,1,1,1,1
S209W,1,1,1,1
S209Y,1,1,1,1
M210A,1,1,1,1
M210C,1,1,1,1
M210D,1,1,1,1
M210E,1,1,1,1
M210F,1,1,1,1
M210G,1,1,1,1
M210H,1,1,1,1
M210I,1,1,1,1
M210K,1,1,1,1
M210L,1,1,1,1
M210M,0,0,0,0
M210N,1,1,1,1
M210P,1,1,1,1
M210Q,1,1,1,1
M210R,1,1,1,1
M210S,1,1,1,1
M210T,1,1,1,1
M210V,1,1,1,1
M210W,1,1,1,1
M210Y,1,1,1,1
V211A,1,1,1,1
V211C,1,1,1,1
V211D,1,1,1,1
V211E,1,1,1,1
V211F,1,1,1,1
V211G,1,1,1,1
V211H,1,1,1,1
V211I,1,1,1,1
V211K,1,1,1,1
V211L,1,1,1,1
V211M,1,1,1,1
V211N,1,1,1,1
V211P,1,1,1,1
V211Q,1,1,1,1
V211R,1,1,1,1
V211S,1,1,1,1
V211T,1,1,1,1
V211V,0,0,0,0
V211W,1,1,1,1
V211Y,1,1,1,1
V212A,1,1,1,1
V212C,1,1,1,1
V212D,1,1,1,1
V212E,1,1,1,1
V212F,1,1,1,1
V212G,1,1,1,1
V212H,1,1,1,1
V212I,1,1,1,1
V212K,1,1,1,1
V212L,1,1,1,1
V212M,1,1,1,1
V212N,1,1,1,1
V212P,1,1,1,1
V212Q,1,1,1,1
V212R,1,1,1,1
V212S,1,1,1,1
V212T,1,1,1,1
V212V,0,0,0,0
V212W,1,1,1,1
V212Y,1,1,1,1
L213A,1,1,1,1
L213C,1,1,1,1
L213D,1,1,1,1
L213E,1,1,1,1
L213F,1,1,1,1
L213G,1,1,1,1
L213H,1,1,1,1
L213I,1,1,1,1
L213K,1,1,1,1
L213L,0,0,0,0
L213M,1,1,1,1
L213N,1,1,1,1
L213P,1,1,1,1
L213Q,1,1,1,1
L213R,1,1,1,1
L213S,1,1,1,1
L213T,1,1,1,1
L213V,1,1,1,1
L213W,1,1,1,1
L213Y,1,1,1,1
C214A,1,1,1,1
C214C,0,0,0,0
C214D,1,1,1,1
C214E,1,1,1,1
C214F,1,1,1,1
C214G,1,1,1,1
C214H,1,1,1,1
C214I,1,1,1,1
C214K,1,1,1,1
C214L,1,1,1,1
C214M,1,1,1,1
C214N,1,1,1,1
C214P,1,1,1,1
C214Q,1,1,1,1
C214R,1,1,1,1
C214S,1,1,1,1
C214T,1,1,1,1
C214V,1,1,1,1
C214W,1,1,1,1
C214Y,1,1,1,1
V215A,1,1,1,1
V215C,1,1,1,1
V215D,1,1,1,1
V215E,1,1,1,1
V215F,1,1,1,1
V215G,1,1,1,1
V215H,1,1,1,1
V215I,1,1,1,1
V215K,1,1,1,1
V215L,1,1,1,1
V215M,1,1,1,1
V215N,1,1,1,1
V215P,1,1,1,1
V215Q,1,1,1,1
V215R,1,1,1,1
V215S,1,1,1,1
V215T,1,1,1,1
V215V,0,0,0,0
V215W,1,1,1,1
V215Y,1,1,1,1
G216A,1,1,1,1
G216C,1,1,1,1
G216D,1,1,1,1
G216E,1,1,1,1
G216F,1,1,1,1
G216G,0,0,0,0
G216H,1,1,1,1
G216I,1,1,1,1
G216K,1,1,1,1
G216L,1,1,1,1
G216M,1,1,1,1
G216N,1,1,1,1
G216P,1,1,1,1
G216Q,1,1,1,1
G216R,1,1,1,1
G216S,1,1,1,1
G216T,1,1,1,1
G216V,1,1,1,1
G216W,1,1,1,1
G216Y,1,1,1,1
S217A,1,1,1,1
S217C,1,1,1,1
S217D,1,1,1,1
S217E,1,1,1,1
S217F,1,1,1,1
S217G,1,1,1,1
S217H,1,1,1,1
S217I,1,1,1,1
S217K,1,1,1,1
S217L,1,1,1,1
S217M,1,1,1,1
S217N,1,1,1,1
S217P,1,1,1,1
S217Q,1,1,1,1
S217R,1,1,1,1
S217S,0,0,0,0
S217T,1,1,1,1
S217V,1,1,1,1
S217W,1,1,1,1
S217Y,1,1,1,1
K218A,1,1,1,1
K218C,1,1,1,1
K218D,1,1,1,1
K218E,1,1,1,1
K218F,1,1,1,1
K218G,1,1,1,1
K218H,1,1,1,1
K218I,1,1,1,1
K218K,0,0,0,0
K218L,1,1,1,1
K218M,1,1,1,1
K218N,1,1,1,1
K218P,1,1,1,1
K218Q,1,1,1,1
K218R,1,1,1,1
K218S,1,1,1,1
K218T,1,1,1,1
K218V,1,1,1,1
K218W,1,1,1,1
K218Y,1,1,1,1
G219A,1,1,1,1
G219C,1,1,1,1
G219D,1,1,1,1
G219E,1,1,1,1
G219F,1,1,1,1
G219G,0,0,0,0
G219H,1,1,1,1
G219I,1,1,1,1
G219K,1,1,1,1
G219L,1,1,1,1
G219M,1,1,1,1
G219N,1,1,1,1
G219P,1,1,1,1
G219Q,1,1,1,1
G219R,1,1,1,1
G219S,1,1,1,1
G219T,1,1,1,1
G219V,1,1,1,1
G219W,1,1,1,1
G219Y,1,1,1,1
Q220A,1,1,1,1
Q220C,1,1,1,1
Q220D,1,1,1,1
Q220E,1,1,1,1
Q220F,1,1,1,1
Q220G,1,1,1,1
Q220H,1,1,1,1
Q220I,1,1,1,1
Q220K,1,1,1,1
Q220L,1,1,1,1
Q220M,1,1,1,1
Q220N,1,1,1,1
Q220P,1,1,1,1
Q220Q,0,0,0,0
Q220R,1,1,1,1
Q220S,1,1,1,1
Q220T,1,1,1,1
Q220V,1,1,1,1
Q220W,1,1,1,1
Q220Y,1,1,1,1
V221A,1,1,1,1
V221C,1,1,1,1
V221D,1,1,1,1
V221E,1,1,1,1
V221F,1,1,1,1
V221G,1,1,1,1
V221H,1,1,1,1
V221I,1,1,1,1
V221K,1,1,1,1
V221L,1,1,1,1
V221M,1,1,1,1
V221N,1,1,1,1
V221P,1,1,1,1
V221Q,1,1,1,1
V221R,1,1,1,1
V221S,1,1,1,1
V221T,1,1,1,1
V221V,0,0,0,0
V221W,1,1,1,1
V221Y,1,1,1,1
F222A,1,1,1,1
F222C,1,1,1,1
F222D,1,1,1,1
F222E,1,1,1,1
F222F,0,0,0,0
F222G,1,1,1,1
F222H,1,1,1,1
F222I,1,1,1,1
F222K,1,1,1,1
F222L,1,1,1,1
F222M,1,1,1,1
F222N,1,1,1,1
F222P,1,1,1,1
F222Q,1,1,1,1
F222R,1,1,1,1
F222S,1,1,1,1
F222T,1,1,1,1
F222V,1,1,1,1
F222W,1,1,1,1
F222Y,1,1,1,1
A223A,0,0,0,0
A223C,1,1,1,1
A223D,1,1,1,1
A223E,1,1,1,1
A223F,1,1,1,1
A223G,1,1,1,1
A223H,1,1,1,1
A223I,1,1,1,1
A223K,1,1,1,1
A223L,1,1,1,1
A223M,1,1,1,1
A223N,1,1,1,1
A223P,1,1,1,1
A223Q,1,1,1,1
A223R,1,1,1,1
A223S,1,1,1,1
A223T,1,1,1,1
A223V,1,1,1,1
A223W,1,1,1,1
A223Y,1,1,1,1
T224A,1,1,1,1
T224C,1,1,1,1
T224D,1,1,1,1
T224E,1,1,1,1
T224F,1,1,1,1
T224G,1,1,1,1
T224H,1,1,1,1
T224I,1,1,1,1
T224K,1,1,1,1
T224L,1,1,1,1
T224M,1,1,1,1
T224N,1,1,1,1
T224P,1,1,1,1
T224Q,1,1,1,1
T224R,1,1,1,1
T224S,1,1,1,1
T224T,0,0,0,0
T224V,1,1,1,1
T224W,1,1,1,1
T224Y,1,1,1,1
S225A,1,1,1,1
S225C,1,1,1,1
S225D,1,1,1,1
S225E,1,1,1,1
S225F,1,1,1,1
S225G,1,1,1,1
S225H,1,1,1,1
S225I,1,1,1,1
S225K,1,1,1,1
S225L,1,1,1,1
S225M,1,1,1,1
S225N,1,1,1,1
S225P,1,1,1,1
S225Q,1,1,1,1
S225R,1,1,1,1
S225S,0,0,0,0
S225T,1,1,1,1
S225V,1,1,1,1
S225W,1,1,1,1
S225Y,1,1,1,1
A226A,0,0,0,0
A226C,1,1,1,1
A226D,1,1,1,1
A226E,1,1,1,1
A226F,1,1,1,1
A226G,1,1,1,1
A226H,1,1,1,1
A226I,1,1,1,1
A226K,1,1,1,1
A226L,1,1,1,1
A226M,1,1,1,1
A226N,1,1,1,1
A226P,1,1,1,1
A226Q,1,1,1,1
A226R,1,1,1,1
A226S,1,1,1,1
A226T,1,1,1,1
A226V,1,1,1,1
A226W,1,1,1,1
A226Y,1,1,1,1
I227A,1,1,1,1
I227C,1,1,1,1
I227D,1,1,1,1
I227E,1,1,1,1
I227F,1,1,1,1
I227G,1,1,1,1
I227H,1,1,1,1
I227I,0,0,0,0
I227K,1,1,1,1
I227L,1,1,1,1
I227M,1,1,1,1
I227N,1,1,1,1
I227P,1,1,1,1
I227Q,1,1,1,1
I227R,1,1,1,1
I227S,1,1,1,1
I227T,1,1,1,1
I227V,1,1,1,1
I227W,1,1,1,1
I227Y,1,1,1,1
R228A,1,1,1,1
R228C,1,1,1,1
R228D,1,1,1,1
R228E,1,1,1,1
R228F,1,1,1,1
R228G,1,1,1,1
R228H,1,1,1,1
R228I,1,1,1,1
R228K,1,1,1,1
R228L,1,1,1,1
R228M,1,1,1,1
R228N,1,1,1,1
R228P,1,1,1,1
R228Q,1,1,1,1
R228R,0,0,0,0
R228S,1,1,1,1
R228T,1,1,1,1
R228V,1,1,1,1
R228W,1,1,1,1
R228Y,1,1,1,1
G229A,1,1,1,1
G229C,1,1,1,1
G229D,1,1,1,1
G229E,1,1,1,1
G229F,1,1,1,1
G229G,0,0,0,0
G229H,1,1,1,1
G229I,1,1,1,1
G229K,1,1,1,1
G229L,1,1,1,1
G229M,1,1,1,1
G229N,1,1,1,1
G229P,1,1,1,1
G229Q,1,1,1,1
G229R,1,1,1,1
G229S,1,1,1,1
G229T,1,1,1,1
G229V,1,1,1,1
G229W,1,1,1,1
G229Y,1,1,1,1
I230A,1,1,1,1
I230C,1,1,1,1
I230D,1,1,1,1
I230E,1,1,1,1
I230F,1,1,1,1
I230G,1,1,1,1
I230H,1,1,1,1
I230I,0,0,0,0
I230K,1,1,1,1
I230L,1,1,1,1
I230M,1,1,1,1
I230N,1,1,1,1
I230P,1,1,1,1
I230Q,1,1,1,1
I230R,1,1,1,1
I230S,1,1,1,1
I230T,1,1,1,1
I230V,1,1,1,1
I230W,1,1,1,1
I230Y,1,1,1,1
R231A,1,1,1,1
R231C,1,1,1,1
R231D,1,1,1,1
R231E,1,1,1,1
R231F,1,1,1,1
R231G,1,1,1,1
R231H,1,1,1,1
R231I,1,1,1,1
R231K,1,1,1,1
R231L,1,1,1,1
R231M,1,1,1,1
R231N,1,1,1,1
R231P,1,1,1,1
R231Q,1,1,1,1
R231R,0,0,0,0
R231S,1,1,1,1
R231T,1,1,1,1
R231V,1,1,1,1
R231W,1,1,1,1
R231Y,1,1,1,1
F232A,1,1,1,1
F232C,1,1,1,1
F232D,1,1,1,1
F232E,1,1,1,1
F232F,0,0,0,0
F232G,1,1,1,1
F232H,1,1,1,1
F232I,1,1,1,1
F232K,1,1,1,1
F232L,1,1,1,1
F232M,1,1,1,1
F232N,1,1,1,1
F232P,1,1,1,1
F232Q,1,1,1,1
F232R,1,1,1,1
F232S,1,1,1,1
F232T,1,1,1,1
F232V,1,1,1,1
F232W,1,1,1,1
F232Y,1,1,1,1
L233A,1,1,1,1
L233C,1,1,1,1
L233D,1,1,1,1
L233E,1,1,1,1
L233F,1,1,1,1
L233G,1,1,1,1
L233H,1,1,1,1
L233I,1,1,1,1
L233K,1,1,1,1
L233L,0,0,0,0
L233M,1,1,1,1
L233N,1,1,1,1
L233P,1,1,1,1
L233Q,1,1,1,1
L233R,1,1,1,1
L233S,1,1,1,1
L233T,1,1,1,1
L233V,1,1,1,1
L233W,1,1,1,1
L233Y,1,1,1,1
Q234A,1,1,1,1
Q234C,1,1,1,1
Q234D,1,1,1,1
Q234E,1,1,1,1
Q234F,1,1,1,1
Q234G,1,1,1,1
Q234H,1,1,1,1
Q234I,1,1,1,1
Q234K,1,1,1,1
Q234L,1,1,1,1
Q234M,1,1,1,1
Q234N,1,1,1,1
Q234P,1,1,1,1
Q234Q,0,0,0,0
Q234R,1,1,1,1
Q234S,1,1,1,1
Q234T,1,1,1,1
Q234V,1,1,1,1
Q234W,1,1,1,1
Q234Y,1,1,1,1
I235A,1,1,1,1
I235C,1,1,1,1
I235D,1,1,1,1
I235E,1,1,1,1
I235F,1,1,1,1
I235G,1,1,1,1
I235H,1,1,1,1
I235I,0,0,0,0
I235K,1,1,1,1
I235L,1,1,1,1
I235M,1,1,1,1
I235N,1,1,1,1
I235P,1,1,1,1
I235Q,1,1,1,1
I235R,1,1,1,1
I235S,1,1,1,1
I235T,1,1,1,1
I235V,1,1,1,1
I235W,1,1,1,1
I235Y,1,1,1,1
L236A,1,1,1,1
L236C,1,1,1,1
L236D,1,1,1,1
L236E,1,1,1,1
L236F,1,1,1,1
L236G,1,1,1,1
L236H,1,1,1,1
L236I,1,1,1,1
L236K,1,1,1,1
L236L,0,0,0,0
L236M,1,1,1,1
L236N,1,1,1,1
L236P,1,1,1,1
L236Q,1,1,1,1
L236R,1,1,1,1
L236S,1,1,1,1
L236T,1,1,1,1
L236V,1,1,1,1
L236W,1,1,1,1
L236Y,1,1,1,1
R237A,1,1,1,1
R237C,1,1,1,1
R237D,1,1,1,1
R237E,1,1,1,1
R237F,1,1,1,1
R237G,1,1,1,1
R237H,1,1,1,1
R237I,1,1,1,1
R237K,1,1,1,1
R237L,1,1,1,1
R237M,1,1,1,1
R237N,1,1,1,1
R237P,1,1,1,1
R237Q,1,1,1,1
R237R,0,0,0,0
R237S,1,1,1,1
R237T,1,1,1,1
R237V,1,1,1,1
R237W,1,1,1,1
R237Y,1,1,1,1
M238A,1,1,1,1
M238C,1,1,1,1
M238D,1,1,1,1
M238E,1,1,1,1
M238F,1,1,1,1
M238G,1,1,1,1
M238H,1,1,1,1
M238I,1,1,1,1
M238K,1,1,1,1
M238L,1,1,1,1
M238M,0,0,0,0
M238N,1,1,1,1
M238P,1,1,1,1
M238Q,1,1,1,1
M238R,1,1,1,1
M238S,1,1,1,1
M238T,1,1,1,1
M238V,1,1,1,1
M238W,1,1,1,1
M238Y,1,1,1,1
L239A,1,1,1,1
L239C,1,1,1,1
L239D,1,1,1,1
L239E,1,1,1,1
L239F,1,1,1,1
L239G,1,1,1,1
L239H,1,1,1,1
L239I,1,1,1,1
L239K,1,1,1,1
L239L,0,0,0,0
L239M,1,1,1,1
L239N,1,1,1,1
L239P,1,1,1,1
L239Q,1,1,1,1
L239R,1,1,1,1
L239S,1,1,1,1
L239T,1,1,1,1
L239V,1,1,1,1
L239W,1,1,1,1
L239Y,1,1,1,1
H240A,1,1,1,1
H240C,1,1,1,1
H240D,1,1,1,1
H240E,1,1,1,1
H240F,1,1,1,1
H240G,1,1,1,1
H240H,0,0,0,0
H240I,1,1,1,1
H240K,1,1,1,1
H240L,1,1,1,1
H240M,1,1,1,1
H240N,1,1,1,1
H240P,1,1,1,1
H240Q,1,1,1,1
H240R,1,1,1,1
H240S,1,1,1,1
H240T,1,1,1,1
H240V,1,1,1,1
H240W,1,1,1,1
H240Y,1,1,1,1
V241A,1,1,1,1
V241C,1,1,1,1
V241D,1,1,1,1
V241E,1,1,1,1
V241F,1,1,1,1
V241G,1,1,1,1
V241H,1,1,1,1
V241I,1,1,1,1
V241K,1,1,1,1
V241L,1,1,1,1
V241M,1,1,1,1
V241N,1,1,1,1
V241P,1,1,1,1
V241Q,1,1,1,1
V241R,1,1,1,1
V241S,1,1,1,1
V241T,1,1,1,1
V241V,0,0,0,0
V241W,1,1,1,1
V241Y,1,1,1,1
D242A,1,1,1,1
D242C,1,1,1,1
D242D,0,0,0,0
D242E,1,1,1,1
D242F,1,1,1,1
D242G,1,1,1,1
D242H,1,1,1,1
D242I,1,1,1,1
D242K,1,1,1,1
D242L,1,1,1,1
D242M,1,1,1,1
D242N,1,1,1,1
D242P,1,1,1,1
D242Q,1,1,1,1
D242R,1,1,1,1
D242S,1,1,1,1
D242T,1,1,1,1
D242V,1,1,1,1
D242W,1,1,1,1
D242Y,1,1,1,1
R243A,1,1,1,1
R243C,1,1,1,1
R243D,1,1,1,1
R243E,1,1,1,1
R243F,1,1,1,1
R243G,1,1,1,1
R243H,1,1,1,1
R243I,1,1,1,1
R243K,1,1,1,1
R243L,1,1,1,1
R243M,1,1,1,1
R243N,1,1,1,1
R243P,1,1,1,1
R243Q,1,1,1,1
R243R,0,0,0,0
R243S,1,1,1,1
R243T,1,1,1,1
R243V,1,1,1,1
R243W,1,1,1,1
R243Y,1,1,1,1
Q244A,1,1,1,1
Q244C,1,1,1,1
Q244D,1,1,1,1
Q244E,1,1,1,1
Q244F,1,1,1,1
Q244G,1,1,1,1
Q244H,1,1,1,1
Q244I,1,1,1,1
Q244K,1,1,1,1
Q244L,1,1,1,1
Q244M,1,1,1,1
Q244N,1,1,1,1
Q244P,1,1,1,1
Q244Q,0,0,0,0
Q244R,1,1,1,1
Q244S,1,1,1,1
Q244T,1,1,1,1
Q244V,1,1,1,1
Q244W,1,1,1,1
Q244Y,1,1,1,1
G245A,1,1,1,1
G245C,1,1,1,1
G245D,1,1,1,1
G245E,1,1,1,1
G245F,1,1,1,1
G245G,0,0,0,0
G245H,1,1,1,1
G245I,1,1,1,1
G245K,1,1,1,1
G245L,1,1,1,1
G245M,1,1,1,1
G245N,1,1,1,1
G245P,1,1,1,1
G245Q,1,1,1,1
G245R,1,1,1,1
G245S,1,1,1,1
G245T,1,1,1,1
G245V,1,1,1,1
G245W,1,1,1,1
G245Y,1,1,1,1
G246A,1,1,1,1
G246C,1,1,1,1
G246D,1,1,1,1
G246E,1,1,1,1
G246F,1,1,1,1
G246G,0,0,0,0
G246H,1,1,1,1
G246I,1,1,1,1
G246K,1,1,1,1
G246L,1,1,1,1
G246M,1,1,1,1
G246N,1,1,1,1
G246P,1,1,1,1
G246Q,1,1,1,1
G246R,1,1,1,1
G246S,1,1,1,1
G246T,1,1,1,1
G246V,1,1,1,1
G246W,1,1,1,1
G246Y,1,1,1,1
T247A,1,1,1,1
T247C,1,1,1,1
T247D,1,1,1,1
T247E,1,1,1,1
T247F,1,1,1,1
T247G,1,1,1,1
T247H,1,1,1,1
T247I,1,1,1,1
T247K,1,1,1,1
T247L,1,1,1,1
T247M,1,1,1,1
T247N,1,1,1,1
T247P,1,1,1,1
T247Q,1,1,1,1
T247R,1,1,1,1
T247S,1,1,1,1
T247T,0,0,0,0
T247V,1,1,1,1
T247W,1,1,1,1
T247Y,1,1,1,1
W248A,1,1,1,1
W248C,1,1,1,1
W248D,1,1,1,1
W248E,1,1,1,1
W248F,1,1,1,1
W248G,1,1,1,1
W248H,1,1,1,1
W248I,1,1,1,1
W248K,1,1,1,1
W248L,1,1,1,1
W248M,1,1,1,1
W248N,1,1,1,1
W248P,1,1,1,1
W248Q,1,1,1,1
W248R,1,1,1,1
W248S,1,1,1,1
W248T,1,1,1,1
W248V,1,1,1,1
W248W,0,0,0,0
W248Y,1,1,1,1
R249A,1,1,1,1
R249C,1,1,1,1
R249D,1,1,1,1
R249E,1,1,1,1
R249F,1,1,1,1
R249G,1,1,1,1
R249H,1,1,1,1
R249I,1,1,1,1
R249K,1,1,1,1
R249L,1,1,1,1
R249M,1,1,1,1
R249N,1,1,1,1
R249P,1,1,1,1
R249Q,1,1,1,1
R249R,0,0,0,0
R249S,1,1,1,1
R249T,1,1,1,1
R249V,1,1,1,1
R249W,1,1,1,1
R249Y,1,1,1,1
L250A,1,1,1,1
L250C,1,1,1,1
L250D,1,1,1,1
L250E,1,1,1,1
L250F,1,1,1,1
L250G,1,1,1,1
L250H,1,1,1,1
L250I,1,1,1,1
L250K,1,1,1,1
L250L,0,0,0,0
L250M,1,1,1,1
L250N,1,1,1,1
L250P,1,1,1,1
L250Q,1,1,1,1
L250R,1,1,1,1
L250S,1,1,1,1
L250T,1,1,1,1
L250V,1,1,1,1
L250W,1,1,1,1
L250Y,1,1,1,1
L251A,1,1,1,1
L251C,1,1,1,1
L251D,1,1,1,1
L251E,1,1,1,1
L251F,1,1,1,1
L251G,1,1,1,1
L251H,1,1,1,1
L251I,1,1,1,1
L251K,1,1,1,1
L251L,0,0,0,0
L251M,1,1,1,1
L251N,1,1,1,1
L251P,1,1,1,1
L251Q,1,1,1,1
L251R,1,1,1,1
L251S,1,1,1,1
L251T,1,1,1,1
L251V,1,1,1,1
L251W,1,1,1,1
L251Y,1,1,1,1
G252A,1,1,1,1
G252C,1,1,1,1
G252D,1,1,1,1
G252E,1,1,1,1
G252F,1,1,1,1
G252G,0,0,0,0
G252H,1,1,1,1
G252I,1,1,1,1
G252K,1,1,1,1
G252L,1,1,1,1
G252M,1,1,1,1
G252N,1,1,1,1
G252P,1,1,1,1
G252Q,1,1,1,1
G252R,1,1,1,1
G252S,1,1,1,1
G252T,1,1,1,1
G252V,1,1,1,1
G252W,1,1,1,1
G252Y,1,1,1,1
S253A,1,1,1,1
S253C,1,1,1,1
S253D,1,1,1,1
S253E,1,1,1,1
S253F,1,1,1,1
S253G,1,1,1,1
S253H,1,1,1,1
S253I,1,1,1,1
S253K,1,1,1,1
S253L,1,1,1,1
S253M,1,1,1,1
S253N,1,1,1,1
S253P,1,1,1,1
S253Q,1,1,1,1
S253R,1,1,1,1
S253S,0,0,0,0
S253T,1,1,1,1
S253V,1,1,1,1
S253W,1,1,1,1
S253Y,1,1,1,1
V254A,1,1,1,1
V254C,1,1,1,1
V254D,1,1,1,1
V254E,1,1,1,1
V254F,1,1,1,1
V254G,1,1,1,1
V254H,1,1,1,1
V254I,1,1,1,1
V254K,1,1,1,1
V254L,1,1,1,1
V254M,1,1,1,1
V254N,1,1,1,1
V254P,1,1,1,1
V254Q,1,1,1,1
V254R,1,1,1,1
V254S,1,1,1,1
V254T,1,1,1,1
V254V,0,0,0,0
V254W,1,1,1,1
V254Y,1,1,1,1
V255A,1,1,1,1
V255C,1,1,1,1
V255D,1,1,1,1
V255E,1,1,1,1
V255F,1,1,1,1
V255G,1,1,1,1
V255H,1,1,1,1
V255I,1,1,1,1
V255K,1,1,1,1
V255L,1,1,1,1
V255M,1,1,1,1
V255N,1,1,1,1
V255P,1,1,1,1
V255Q,1,1,1,1
V255R,1,1,1,1
V255S,1,1,1,1
V255T,1,1,1,1
V255V,0,0,0,0
V255W,1,1,1,1
V255Y,1,1,1,1
F256A,1,1,1,1
F256C,1,1,1,1
F256D,1,1,1,1
F256E,1,1,1,1
F256F,0,0,0,0
F256G,1,1,1,1
F256H,1,1,1,1
F256I,1,1,1,1
F256K,1,1,1,1
F256L,1,1,1,1
F256M,1,1,1,1
F256N,1,1,1,1
F256P,1,1,1,1
F256Q,1,1,1,1
F256R,1,1,1,1
F256S,1,1,1,1
F256T,1,1,1,1
F256V,1,1,1,1
F256W,1,1,1,1
F256Y,1,1,1,1
I257A,1,1,1,1
I257C,1,1,1,1
I257D,1,1,1,1
I257E,1,1,1,1
I257F,1,1,1,1
I257G,1,1,1,1
I257H,1,1,1,1
I257I,0,0,0,0
I257K,1,1,1,1
I257L,1,1,1,1
I257M,1,1,1,1
I257N,1,1,1,1
I257P,1,1,1,1
I257Q,1,1,1,1
I257R,1,1,1,1
I257S,1,1,1,1
I257T,1,1,1,1
I257V,1,1,1,1
I257W,1,1,1,1
I257Y,1,1,1,1
H258A,1,1,1,1
H258C,1,1,1,1
H258D,1,1,1,1
H258E,1,1,1,1
H258F,1,1,1,1
H258G,1,1,1,1
H258H,0,0,0,0
H258I,1,1,1,1
H258K,1,1,1,1
H258L,1,1,1,1
H258M,1,1,1,1
H258N,1,1,1,1
H258P,1,1,1,1
H258Q,1,1,1,1
H258R,1,1,1,1
H258S,1,1,1,1
H258T,1,1,1,1
H258V,1,1,1,1
H258W,1,1,1,1
H258Y,1,1,1,1
R259A,1,1,1,1
R259C,1,1,1,1
R259D,1,1,1,1
R259E,1,1,1,1
R259F,1,1,1,1
R259G,1,1,1,1
R259H,1,1,1,1
R259I,1,1,1,1
R259K,1,1,1,1
R259L,1,1,1,1
R259M,1,1,1,1
R259N,1,1,1,1
R259P,1,1,1,1
R259Q,1,1,1,1
R259R,0,0,0,0
R259S,1,1,1,1
R259T,1,1,1,1
R259V,1,1,1,1
R259W,1,1,1,1
R259Y,1,1,1,1
Q260A,1,1,1,1
Q260C,1,1,1,1
Q260D,1,1,1,1
Q260E,1,1,1,1
Q260F,1,1,1,1
Q260G,1,1,1,1
Q260H,1,1,1,1
Q260I,1,1,1,1
Q260K,1,1,1,1
Q260L,1,1,1,1
Q260M,1,1,1,1
Q260N,1,1,1,1
Q260P,1,1,1,1
Q260Q,0,0,0,0
Q260R,1,1,1,1
Q260S,1,1,1,1
Q260T,1,1,1,1
Q260V,1,1,1,1
Q260W,1,1,1,1
Q260Y,1,1,1,1
E261A,1,1,1,1
E261C,1,1,1,1
E261D,1,1,1,1
E261E,0,0,0,0
E261F,1,1,1,1
E261G,1,1,1,1
E261H,1,1,1,1
E261I,1,1,1,1
E261K,1,1,1,1
E261L,1,1,1,1
E261M,1,1,1,1
E261N,1,1,1,1
E261P,1,1,1,1
E261Q,1,1,1,1
E261R,1,1,1,1
E261S,1,1,1,1
E261T,1,1,1,1
E261V,1,1,1,1
E261W,1,1,1,1
E261Y,1,1,1,1
L262A,1,1,1,1
L262C,1,1,1,1
L262D,1,1,1,1
L262E,1,1,1,1
L262F,1,1,1,1
L262G,1,1,1,1
L262H,1,1,1,1
L262I,1,1,1,1
L262K,1,1,1,1
L262L,0,0,0,0
L262M,1,1,1,1
L262N,1,1,1,1
L262P,1,1,1,1
L262Q,1,1,1,1
L262R,1,1,1,1
L262S,1,1,1,1
L262T,1,1,1,1
L262V,1,1,1,1
L262W,1,1,1,1
L262Y,1,1,1,1
I263A,1,1,1,1
I263C,1,1,1,1
I263D,1,1,1,1
I263E,1,1,1,1
I263F,1,1,1,1
I263G,1,1,1,1
I263H,1,1,1,1
I263I,0,0,0,0
I263K,1,1,1,1
I263L,1,1,1,1
I263M,1,1,1,1
I263N,1,1,1,1
I263P,1,1,1,1
I263Q,1,1,1,1
I263R,1,1,1,1
I263S,1,1,1,1
I263T,1,1,1,1
I263V,1,1,1,1
I263W,1,1,1,1
I263Y,1,1,1,1
T264A,1,1,1,1
T264C,1,1,1,1
T264D,1,1,1,1
T264E,1,1,1,1
T264F,1,1,1,1
T264G,1,1,1,1
T264H,1,1,1,1
T264I,1,1,1,1
T264K,1,1,1,1
T264L,1,1,1,1
T264M,1,1,1,1
T264N,1,1,1,1
T264P,1,1,1,1
T264Q,1,1,1,1
T264R,1,1,1,1
T264S,1,1,1,1
T264T,0,0,0,0
T264V,1,1,1,1
T264W,1,1,1,1
T264Y,1,1,1,1
T265A,1,1,1,1
T265C,1,1,1,1
T265D,1,1,1,1
T265E,1,1,1,1
T265F,1,1,1,1
T265G,1,1,1,1
T265H,1,1,1,1
T265I,1,1,1,1
T265K,1,1,1,1
T265L,1,1,1,1
T265M,1,1,1,1
T265N,1,1,1,1
T265P,1,1,1,1
T265Q,1,1,1,1
T265R,1,1,1,1
T265S,1,1,1,1
T265T,0,0,0,0
T265V,1,1,1,1
T265W,1,1,1,1
T265Y,1,1,1,1
L266A,1,1,1,1
L266C,1,1,1,1
L266D,1,1,1,1
L266E,1,1,1,1
L266F,1,1,1,1
L266G,1,1,1,1
L266H,1,1,1,1
L266I,1,1,1,1
L266K,1,1,1,1
L266L,0,0,0,0
L266M,1,1,1,1
L266N,1,1,1,1
L266P,1,1,1,1
L266Q,1,1,1,1
L266R,1,1,1,1
L266S,1,1,1,1
L266T,1,1,1,1
L266V,1,1,1,1
L266W,1,1,1,1
L266Y,1,1,1,1
Y267A,1,1,1,1
Y267C,1,1,1,1
Y267D,1,1,1,1
Y267E,1,1,1,1
Y267F,1,1,1,1
Y267G,1,1,1,1
Y267H,1,1,1,1
Y267I,1,1,1,1
Y267K,1,1,1,1
Y267L,1,1,1,1
Y267M,1,1,1,1
Y267N,1,1,1,1
Y267P,1,1,1,1
Y267Q,1,1,1,1
Y267R,1,1,1,1
Y267S,1,1,1,1
Y267T,1,1,1,1
Y267V,1,1,1,1
Y267W,1,1,1,1
Y267Y,0,0,0,0
I268A,1,1,1,1
I268C,1,1,1,1
I268D,1,1,1,1
I268E,1,1,1,1
I268F,1,1,1,1
I268G,1,1,1,1
I268H,1,1,1,1
I268I,0,0,0,0
I268K,1,1,1,1
I268L,1,1,1,1
I268M,1,1,1,1
I268N,1,1,1,1
I268P,1,1,1,1
I268Q,1,1,1,1
I268R,1,1,1,1
I268S,1,1,1,1
I268T,1,1,1,1
I268V,1,1,1,1
I268W,1,1,1,1
I268Y,1,1,1,1
G269A,1,1,1,1
G269C,1,1,1,1
G269D,1,1,1,1
G269E,1,1,1,1
G269F,1,1,1,1
G269G,0,0,0,0
G269H,1,1,1,1
G269I,1,1,1,1
G269K,1,1,1,1
G269L,1,1,1,1
G269M,1,1,1,1
G269N,1,1,1,1
G269P,1,1,1,1
G269Q,1,1,1,1
G269R,1,1,1,1
G269S,1,1,1,1
G269T,1,1,1,1
G269V,1,1,1,1
G269W,1,1,1,1
G269Y,1,1,1,1
F270A,1,1,1,1
F270C,1,1,1,1
F270D,1,1,1,1
F270E,1,1,1,1
F270F,0,0,0,0
F270G,1,1,1,1
F270H,1,1,1,1
F270I,1,1,1,1
F270K,1,1,1,1
F270L,1,1,1,1
F270M,1,1,1,1
F270N,1,1,1,1
F270P,1,1,1,1
F270Q,1,1,1,1
F270R,1,1,1,1
F270S,1,1,1,1
F270T,1,1,1,1
F270V,1,1,1,1
F270W,1,1,1,1
F270Y,1,1,1,1
L271A,1,1,1,1
L271C,1,1,1,1
L271D,1,1,1,1
L271E,1,1,1,1
L271F,1,1,1,1
L271G,1,1,1,1
L271H,1,1,1,1
L271I,1,1,1,1
L271K,1,1,1,1
L271L,0,0,0,0
L271M,1,1,1,1
L271N,1,1,1,1
L271P,1,1,1,1
L271Q,1,1,1,1
L271R,1,1,1,1
L271S,1,1,1,1
L271T,1,1,1,1
L271V,1,1,1,1
L271W,1,1,1,1
L271Y,1,1,1,1
G272A,1,1,1,1
G272C,1,1,1,1
G272D,1,1,1,1
G272E,1,1,1,1
G272F,1,1,1,1
G272G,0,0,0,0
G272H,1,1,1,1
G272I,1,1,1,1
G272K,1,1,1,1
G272L,1,1,1,1
G272M,1,1,1,1
G272N,1,1,1,1
G272P,1,1,1,1
G272Q,1,1,1,1
G272R,1,1,1,1
G272S,1,1,1,1
G272T,1,1,1,1
G272V,1,1,1,1
G272W,1,1,1,1
G272Y,1,1,1,1
L273A,1,1,1,1
L273C,1,1,1,1
L273D,1,1,1,1
L273E,1,1,1,1
L273F,1,1,1,1
L273G,1,1,1,1
L273H,1,1,1,1
L273I,1,1,1,1
L273K,1,1,1,1
L273L,0,0,0,0
L273M,1,1,1,1
L273N,1,1,1,1
L273P,1,1,1,1
L273Q,1,1,1,1
L273R,1,1,1,1
L273S,1,1,1,1
L273T,1,1,1,1
L273V,1,1,1,1
L273W,1,1,1,1
L273Y,1,1,1,1
I274A,1,1,1,1
I274C,1,1,1,1
I274D,1,1,1,1
I274E,1,1,1,1
I274F,1,1,1,1
I274G,1,1,1,1
I274H,1,1,1,1
I274I,0,0,0,0
I274K,1,1,1,1
I274L,1,1,1,1
I274M,1,1,1,1
I274N,1,1,1,1
I274P,1,1,1,1
I274Q,1,1,1,1
I274R,1,1,1,1
I274S,1,1,1,1
I274T,1,1,1,1
I274V,1,1,1,1
I274W,1,1,1,1
I274Y,1,1,1,1
F275A,1,1,1,1
F275C,1,1,1,1
F275D,1,1,1,1
F275E,1,1,1,1
F275F,0,0,0,0
F275G,1,1,1,1
F275H,1,1,1,1
F275I,1,1,1,1
F275K,1,1,1,1
F275L,1,1,1,1
F275M,1,1,1,1
F275N,1,1,1,1
F275P,1,1,1,1
F275Q,1,1,1,1
F275R,1,1,1,1
F275S,1,1,1,1
F275T,1,1,1,1
F275V,1,1,1,1
F275W,1,1,1,1
F275Y,1,1,1,1
S276A,1,1,1,1
S276C,1,1,1,1
S276D,1,1,1,1
S276E,1,1,1,1
S276F,1,1,1,1
S276G,1,1,1,1
S276H,1,1,1,1
S276I,1,1,1,1
S276K,1,1,1,1
S276L,1,1,1,1
S276M,1,1,1,1
S276N,1,1,1,1
S276P,1,1,1,1
S276Q,1,1,1,1
S276R,1,1,1,1
S276S,0,0,0,0
S276T,1,1,1,1
S276V,1,1,1,1
S276W,1,1,1,1
S276Y,1,1,1,1
S277A,1,1,1,1
S277C,1,1,1,1
S277D,1,1,1,1
S277E,1,1,1,1
S277F,1,1,1,1
S277G,1,1,1,1
S277H,1,1,1,1
S277I,1,1,1,1
S277K,1,1,1,1
S277L,1,1,1,1
S277M,1,1,1,1
S277N,1,1,1,1
S277P,1,1,1,1
S277Q,1,1,1,1
S277R,1,1,1,1
S277S,0,0,0,0
S277T,1,1,1,1
S277V,1,1,1,1
S277W,1,1,1,1
S277Y,1,1,1,1
Y278A,1,1,1,1
Y278C,1,1,1,1
Y278D,1,1,1,1
Y278E,1,1,1,1
Y278F,1,1,1,1
Y278G,1,1,1,1
Y278H,1,1,1,1
Y278I,1,1,1,1
Y278K,1,1,1,1
Y278L,1,1,1,1
Y278M,1,1,1,1
Y278N,1,1,1,1
Y278P,1,1,1,1
Y278Q,1,1,1,1
Y278R,1,1,1,1
Y278S,1,1,1,1
Y278T,1,1,1,1
Y278V,1,1,1,1
Y278W,1,1,1,1
Y278Y,0,0,0,0
F279A,1,1,1,1
F279C,1,1,1,1
F279D,1,1,1,1
F279E,1,1,1,1
F279F,0,0,0,0
F279G,1,1,1,1
F279H,1,1,1,1
F279I,1,1,1,1
F279K,1,1,1,1
F279L,1,1,1,1
F279M,1,1,1,1
F279N,1,1,1,1
F279P,1,1,1,1
F279Q,1,1,1,1
F279R,1,1,1,1
F279S,1,1,1,1
F279T,1,1,1,1
F279V,1,1,1,1
F279W,1,1,1,1
F279Y,1,1,1,1
V280A,1,1,1,1
V280C,1,1,1,1
V280D,1,1,1,1
V280E,1,1,1,1
V280F,1,1,1,1
V280G,1,1,1,1
V280H,1,1,1,1
V280I,1,1,1,1
V280K,1,1,1,1
V280L,1,1,1,1
V280M,1,1,1,1
V280N,1,1,1,1
V280P,1,1,1,1
V280Q,1,1,1,1
V280R,1,1,1,1
V280S,1,1,1,1
V280T,1,1,1,1
V280V,0,0,0,0
V280W,1,1,1,1
V280Y,1,1,1,1
Y281A,1,1,1,1
Y281C,1,1,1,1
Y281D,1,1,1,1
Y281E,1,1,1,1
Y281F,1,1,1,1
Y281G,1,1,1,1
Y281H,1,1,1,1
Y281I,1,1,1,1
Y281K,1,1,1,1
Y281L,1,1,1,1
Y281M,1,1,1,1
Y281N,1,1,1,1
Y281P,1,1,1,1
Y281Q,1,1,1,1
Y281R,1,1,1,1
Y281S,1,1,1,1
Y281T,1,1,1,1
Y281V,1,1,1,1
Y281W,1,1,1,1
Y281Y,0,0,0,0
L282A,1,1,1,1
L282C,1,1,1,1
L282D,1,1,1,1
L282E,1,1,1,1
L282F,1,1,1,1
L282G,1,1,1,1
L282H,1,1,1,1
L282I,1,1,1,1
L282K,1,1,1,1
L282L,0,0,0,0
L282M,1,1,1,1
L282N,1,1,1,1
L282P,1,1,1,1
L282Q,1,1,1,1
L282R,1,1,1,1
L282S,1,1,1,1
L282T,1,1,1,1
L282V,1,1,1,1
L282W,1,1,1,1
L282Y,1,1,1,1
A283A,0,0,0,0
A283C,1,1,1,1
A283D,1,1,1,1
A283E,1,1,1,1
A283F,1,1,1,1
A283G,1,1,1,1
A283H,1,1,1,1
A283I,1,1,1,1
A283K,1,1,1,1
A283L,1,1,1,1
A283M,1,1,1,1
A283N,1,1,1,1
A283P,1,1,1,1
A283Q,1,1,1,1
A283R,1,1,1,1
A283S,1,1,1,1
A283T,1,1,1,1
A283V,1,1,1,1
A283W,1,1,1,1
A283Y,1,1,1,1
E284A,1,1,1,1
E284C,1,1,1,1
E284D,1,1,1,1
E284E,0,0,0,0
E284F,1,1,1,1
E284G,1,1,1,1
E284H,1,1,1,1
E284I,1,1,1,1
E284K,1,1,1,1
E284L,1,1,1,1
E284M,1,1,1,1
E284N,1,1,1,1
E284P,1,1,1,1
E284Q,1,1,1,1
E284R,1,1,1,1
E284S,1,1,1,1
E284T,1,1,1,1
E284V,1,1,1,1
E284W,1,1,1,1
E284Y,1,1,1,1
K285A,1,1,1,1
K285C,1,1,1,1
K285D,1,1,1,1
K285E,1,1,1,1
K285F,1,1,1,1
K285G,1,1,1,1
K285H,1,1,1,1
K285I,1,1,1,1
K285K,0,0,0,0
K285L,1,1,1,1
K285M,1,1,1,1
K285N,1,1,1,1
K285P,1,1,1,1
K285Q,1,1,1,1
K285R,1,1,1,1
K285S,1,1,1,1
K285T,1,1,1,1
K285V,1,1,1,1
K285W,1,1,1,1
K285Y,1,1,1,1
D286A,1,1,1,1
D286C,1,1,1,1
D286D,0,0,0,0
D286E,1,1,1,1
D286F,1,1,1,1
D286G,1,1,1,1
D286H,1,1,1,1
D286I,1,1,1,1
D286K,1,1,1,1
D286L,1,1,1,1
D286M,1,1,1,1
D286N,1,1,1,1
D286P,1,1,1,1
D286Q,1,1,1,1
D286R,1,1,1,1
D286S,1,1,1,1
D286T,1,1,1,1
D286V,1,1,1,1
D286W,1,1,1,1
D286Y,1,1,1,1
A287A,0,0,0,0
A287C,1,1,1,1
A287D,1,1,1,1
A287E,1,1,1,1
A287F,1,1,1,1
A287G,1,1,1,1
A287H,1,1,1,1
A287I,1,1,1,1
A287K,1,1,1,1
A287L,1,1,1,1
A287M,1,1,1,1
A287N,1,1,1,1
A287P,1,1,1,1
A287Q,1,1,1,1
A287R,1,1,1,1
A287S,1,1,1,1
A287T,1,1,1,1
A287V,1,1,1,1
A287W,1,1,1,1
A287Y,1,1,1,1
V288A,1,1,1,1
V288C,1,1,1,1
V288D,1,1,1,1
V288E,1,1,1,1
V288F,1,1,1,1
V288G,1,1,1,1
V288H,1,1,1,1
V288I,1,1,1,1
V288K,1,1,1,1
V288L,1,1,1,1
V288M,1,1,1,1
V288N,1,1,1,1
V288P,1,1,1,1
V288Q,1,1,1,1
V288R,1,1,1,1
V288S,1,1,1,1
V288T,1,1,1,1
V288V,0,0,0,0
V288W,1,1,1,1
V288Y,1,1,1,1
N289A,1,1,1,1
N289C,1,1,1,1
N289D,1,1,1,1
N289E,1,1,1,1
N289F,1,1,1,1
N289G,1,1,1,1
N289H,1,1,1,1
N289I,1,1,1,1
N289K,1,1,1,1
N289L,1,1,1,1
N289M,1,1,1,1
N289N,0,0,0,0
N289P,1,1,1,1
N289Q,1,1,1,1
N289R,1,1,1,1
N289S,1,1,1,1
N289T,1,1,1,1
N289V,1,1,1,1
N289W,1,1,1,1
N289Y,1,1,1,1
E290A,1,1,1,1
E290C,1,1,1,1
E290D,1,1,1,1
E290E,0,0,0,0
E290F,1,1,1,1
E290G,1,1,1,1
E290H,1,1,1,1
E290I,1,1,1,1
E290K,1,1,1,1
E290L,1,1,1,1
E290M,1,1,1,1
E290N,1,1,1,1
E290P,1,1,1,1
E290Q,1,1,1,1
E290R,1,1,1,1
E290S,1,1,1,1
E290T,1,1,1,1
E290V,1,1,1,1
E290W,1,1,1,1
E290Y,1,1,1,1
S291A,1,1,1,1
S291C,1,1,1,1
S291D,1,1,1,1
S291E,1,1,1,1
S291F,1,1,1,1
S291G,1,1,1,1
S291H,1,1,1,1
S291I,1,1,1,1
S291K,1,1,1,1
S291L,1,1,1,1
S291M,1,1,1,1
S291N,1,1,1,1
S291P,1,1,1,1
S291Q,1,1,1,1
S291R,1,1,1,1
S291S,0,0,0,0
S291T,1,1,1,1
S291V,1,1,1,1
S291W,1,1,1,1
S291Y,1,1,1,1
G292A,1,1,1,1
G292C,1,1,1,1
G292D,1,1,1,1
G292E,1,1,1,1
G292F,1,1,1,1
G292G,0,0,0,0
G292H,1,1,1,1
G292I,1,1,1,1
G292K,1,1,1,1
G292L,1,1,1,1
G292M,1,1,1,1
G292N,1,1,1,1
G292P,1,1,1,1
G292Q,1,1,1,1
G292R,1,1,1,1
G292S,1,1,1,1
G292T,1,1,1,1
G292V,1,1,1,1
G292W,1,1,1,1
G292Y,1,1,1,1
R293A,1,1,1,1
R293C,1,1,1,1
R293D,1,1,1,1
R293E,1,1,1,1
R293F,1,1,1,1
R293G,1,1,1,1
R293H,1,1,1,1
R293I,1,1,1,1
R293K,1,1,1,1
R293L,1,1,1,1
R293M,1,1,1,1
R293N,1,1,1,1
R293P,1,1,1,1
R293Q,1,1,1,1
R293R,0,0,0,0
R293S,1,1,1,1
R293T,1,1,1,1
R293V,1,1,1,1
R293W,1,1,1,1
R293Y,1,1,1,1
V294A,1,1,1,1
V294C,1,1,1,1
V294D,1,1,1,1
V294E,1,1,1,1
V294F,1,1,1,1
V294G,1,1,1,1
V294H,1,1,1,1
V294I,1,1,1,1
V294K,1,1,1,1
V294L,1,1,1,1
V294M,1,1,1,1
V294N,1,1,1,1
V294P,1,1,1,1
V294Q,1,1,1,1
V294R,1,1,1,1
V294S,1,1,1,1
V294T,1,1,1,1
V294V,0,0,0,0
V294W,1,1,1,1
V294Y,1,1,1,1
E295A,1,1,1,1
E295C,1,1,1,1
E295D,1,1,1,1
E295E,0,0,0,0
E295F,1,1,1,1
E295G,1,1,1,1
E295H,1,1,1,1
E295I,1,1,1,1
E295K,1,1,1,1
E295L,1,1,1,1
E295M,1,1,1,1
E295N,1,1,1,1
E295P,1,1,1,1
E295Q,1,1,1,1
E295R,1,1,1,1
E295S,1,1,1,1
E295T,1,1,1,1
E295V,1,1,1,1
E295W,1,1,1,1
E295Y,1,1,1,1
F296A,1,1,1,1
F296C,1,1,1,1
F296D,1,1,1,1
F296E,1,1,1,1
F296F,0,0,0,0
F296G,1,1,1,1
F296H,1,1,1,1
F296I,1,1,1,1
F296K,1,1,1,1
F296L,1,1,1,1
F296M,1,1,1,1
F296N,1,1,1,1
F296P,1,1,1,1
F296Q,1,1,1,1
F296R,1,1,1,1
F296S,1,1,1,1
F296T,1,1,1,1
F296V,1,1,1,1
F296W,1,1,1,1
F296Y,1,1,1,1
G297A,1,1,1,1
G297C,1,1,1,1
G297D,1,1,1,1
G297E,1,1,1,1
G297F,1,1,1,1
G297G,0,0,0,0
G297H,1,1,1,1
G297I,1,1,1,1
G297K,1,1,1,1
G297L,1,1,1,1
G297M,1,1,1,1
G297N,1,1,1,1
G297P,1,1,1,1
G297Q,1,1,1,1
G297R,1,1,1,1
G297S,1,1,1,1
G297T,1,1,1,1
G297V,1,1,1,1
G297W,1,1,1,1
G297Y,1,1,1,1
S298A,1,1,1,1
S298C,1,1,1,1
S298D,1,1,1,1
S298E,1,1,1,1
S298F,1,1,1,1
S298G,1,1,1,1
S298H,1,1,1,1
S298I,1,1,1,1
S298K,1,1,1,1
S298L,1,1,1,1
S298M,1,1,1,1
S298N,1,1,1,1
S298P,1,1,1,1
S298Q,1,1,1,1
S298R,1,1,1,1
S298S,0,0,0,0
S298T,1,1,1,1
S298V,1,1,1,1
S298W,1,1,1,1
S298Y,1,1,1,1
Y299A,1,1,1,1
Y299C,1,1,1,1
Y299D,1,1,1,1
Y299E,1,1,1,1
Y299F,1,1,1,1
Y299G,1,1,1,1
Y299H,1,1,1,1
Y299I,1,1,1,1
Y299K,1,1,1,1
Y299L,1,1,1,1
Y299M,1,1,1,1
Y299N,1,1,1,1
Y299P,1,1,1,1
Y299Q,1,1,1,1
Y299R,1,1,1,1
Y299S,1,1,1,1
Y299T,1,1,1,1
Y299V,1,1,1,1
Y299W,1,1,1,1
Y299Y,0,0,0,0
A300A,0,0,0,0
A300C,1,1,1,1
A300D,1,1,1,1
A300E,1,1,1,1
A300F,1,1,1,1
A300G,1,1,1,1
A300H,1,1,1,1
A300I,1,1,1,1
A300K,1,1,1,1
A300L,1,1,1,1
A300M,1,1,1,1
A300N,1,1,1,1
A300P,1,1,1,1
A300Q,1,1,1,1
A300R,1,1,1,1
A300S,1,1,1,1
A300T,1,1,1,1
A300V,1,1,1,1
A300W,1,1,1,1
A300Y,1,1,1,1
D301A,1,1,1,1
D301C,1,1,1,1
D301D,0,0,0,0
D301E,1,1,1,1
D301F,1,1,1,1
D301G,1,1,1,1
D301H,1,1,1,1
D301I,1,1,1,1
D301K,1,1,1,1
D301L,1,1,1,1
D301M,1,1,1,1
D301N,1,1,1,1
D301P,1,1,1,1
D301Q,1,1,1,1
D301R,1,1,1,1
D301S,1,1,1,1
D301T,1,1,1,1
D301V,1,1,1,1
D301W,1,1,1,1
D301Y,1,1,1,1
A302A,0,0,0,0
A302C,1,1,1,1
A302D,1,1,1,1
A302E,1,1,1,1
A302F,1,1,1,1
A302G,1,1,1,1
A302H,1,1,1,1
A302I,1,1,1,1
A302K,1,1,1,1
A302L,1,1,1,1
A302M,1,1,1,1
A302N,1,1,1,1
A302P,1,1,1,1
A302Q,1,1,1,1
A302R,1,1,1,1
A302S,1,1,1,1
A302T,1,1,1,1
A302V,1,1,1,1
A302W,1,1,1,1
A302Y,1,1,1,1
L303A,1,1,1,1
L303C,1,1,1,1
L303D,1,1,1,1
L303E,1,1,1,1
L303F,1,1,1,1
L303G,1,1,1,1
L303H,1,1,1,1
L303I,1,1,1,1
L303K,1,1,1,1
L303L,0,0,0,0
L303M,1,1,1,1
L303N,1,1,1,1
L303P,1,1,1,1
L303Q,1,1,1,1
L303R,1,1,1,1
L303S,1,1,1,1
L303T,1,1,1,1
L303V,1,1,1,1
L303W,1,1,1,1
L303Y,1,1,1,1
W304A,1,1,1,1
W304C,1,1,1,1
W304D,1,1,1,1
W304E,1,1,1,1
W304F,1,1,1,1
W304G,1,1,1,1
W304H,1,1,1,1
W304I,1,1,1,1
W304K,1,1,1,1
W304L,1,1,1,1
W304M,1,1,1,1
W304N,1,1,1,1
W304P,1,1,1,1
W304Q,1,1,1,1
W304R,1,1,1,1
W304S,1,1,1,1
W304T,1,1,1,1
W304V,1,1,1,1
W304W,0,0,0,0
W304Y,1,1,1,1
W305A,1,1,1,1
W305C,1,1,1,1
W305D,1,1,1,1
W305E,1,1,1,1
W305F,1,1,1,1
W305G,1,1,1,1
W305H,1,1,1,1
W305I,1,1,1,1
W305K,1,1,1,1
W305L,1,1,1,1
W305M,1,1,1,1
W305N,1,1,1,1
W305P,1,1,1,1
W305Q,1,1,1,1
W305R,1,1,1,1
W305S,1,1,1,1
W305T,1,1,1,1
W305V,1,1,1,1
W305W,0,0,0,0
W305Y,1,1,1,1
G306A,1,1,1,1
G306C,1,1,1,1
G306D,1,1,1,1
G306E,1,1,1,1
G306F,1,1,1,1
G306G,0,0,0,0
G306H,1,1,1,1
G306I,1,1,1,1
G306K,1,1,1,1
G306L,1,1,1,1
G306M,1,1,1,1
G306N,1,1,1,1
G306P,1,1,1,1
G306Q,1,1,1,1
G306R,1,1,1,1
G306S,1,1,1,1
G306T,1,1,1,1
G306V,1,1,1,1
G306W,1,1,1,1
G306Y,1,1,1,1
V307A,1,1,1,1
V307C,1,1,1,1
V307D,1,1,1,1
V307E,1,1,1,1
V307F,1,1,1,1
V307G,1,1,1,1
V307H,1,1,1,1
V307I,1,1,1,1
V307K,1,1,1,1
V307L,1,1,1,1
V307M,1,1,1,1
V307N,1,1,1,1
V307P,1,1,1,1
V307Q,1,1,1,1
V307R,1,1,1,1
V307S,1,1,1,1
V307T,1,1,1,1
V307V,0,0,0,0
V307W,1,1,1,1
V307Y,1,1,1,1
V308A,1,1,1,1
V308C,1,1,1,1
V308D,1,1,1,1
V308E,1,1,1,1
V308F,1,1,1,1
V308G,1,1,1,1
V308H,1,1,1,1
V308I,1,1,1,1
V308K,1,1,1,1
V308L,1,1,1,1
V308M,1,1,1,1
V308N,1,1,1,1
V308P,1,1,1,1
V308Q,1,1,1,1
V308R,1,1,1,1
V308S,1,1,1,1
V308T,1,1,1,1
V308V,0,0,0,0
V308W,1,1,1,1
V308Y,1,1,1,1
T309A,1,1,1,1
T309C,1,1,1,1
T309D,1,1,1,1
T309E,1,1,1,1
T309F,1,1,1,1
T309G,1,1,1,1
T309H,1,1,1,1
T309I,1,1,1,1
T309K,1,1,1,1
T309L,1,1,1,1
T309M,1,1,1,1
T309N,1,1,1,1
T309P,1,1,1,1
T309Q,1,1,1,1
T309R,1,1,1,1
T309S,1,1,1,1
T309T,0,0,0,0
T309V,1,1,1,1
T309W,1,1,1,1
T309Y,1,1,1,1
V310A,1,1,1,1
V310C,1,1,1,1
V310D,1,1,1,1
V310E,1,1,1,1
V310F,1,1,1,1
V310G,1,1,1,1
V310H,1,1,1,1
V310I,1,1,1,1
V310K,1,1,1,1
V310L,1,1,1,1
V310M,1,1,1,1
V310N,1,1,1,1
V310P,1,1,1,1
V310Q,1,1,1,1
V310R,1,1,1,1
V310S,1,1,1,1
V310T,1,1,1,1
V310V,0,0,0,0
V310W,1,1,1,1
V310Y,1,1,1,1
T311A,1,1,1,1
T311C,1,1,1,1
T311D,1,1,1,1
T311E,1,1,1,1
T311F,1,1,1,1
T311G,1,1,1,1
T311H,1,1,1,1
T311I,1,1,1,1
T311K,1,1,1,1
T311L,1,1,1,1
T311M,1,1,1,1
T311N,1,1,1,1
T311P,1,1,1,1
T311Q,1,1,1,1
T311R,1,1,1,1
T311S,1,1,1,1
T311T,0,0,0,0
T311V,1,1,1,1
T311W,1,1,1,1
T311Y,1,1,1,1
T312A,1,1,1,1
T312C,1,1,1,1
T312D,1,1,1,1
T312E,1,1,1,1
T312F,1,1,1,1
T312G,1,1,1,1
T312H,1,1,1,1
T312I,1,1,1,1
T312K,1,1,1,1
T312L,1,1,1,1
T312M,1,1,1,1
T312N,1,1,1,1
T312P,1,1,1,1
T312Q,1,1,1,1
T312R,1,1,1,1
T312S,1,1,1,1
T312T,0,0,0,0
T312V,1,1,1,1
T312W,1,1,1,1
T312Y,1,1,1,1
I313A,1,1,1,1
I313C,1,1,1,1
I313D,1,1,1,1
I313E,1,1,1,1
I313F,1,1,1,1
I313G,1,1,1,1
I313H,1,1,1,1
I313I,0,0,0,0
I313K,1,1,1,1
I313L,1,1,1,1
I313M,1,1,1,1
I313N,1,1,1,1
I313P,1,1,1,1
I313Q,1,1,1,1
I313R,1,1,1,1
I313S,1,1,1,1
I313T,1,1,1,1
I313V,1,1,1,1
I313W,1,1,1,1
I313Y,1,1,1,1
G314A,1,1,1,1
G314C,1,1,1,1
G314D,1,1,1,1
G314E,1,1,1,1
G314F,1,1,1,1
G314G,0,0,0,0
G314H,1,1,1,1
G314I,1,1,1,1
G314K,1,1,1,1
G314L,1,1,1,1
G314M,1,1,1,1
G314N,1,1,1,1
G314P,1,1,1,1
G314Q,1,1,1,1
G314R,1,1,1,1
G314S,1,1,1,1
G314T,1,1,1,1
G314V,1,1,1,1
G314W,1,1,1,1
G314Y,1,1,1,1
Y315A,1,1,1,1
Y315C,1,1,1,1
Y315D,1,1,1,1
Y315E,1,1,1,1
Y315F,1,1,1,1
Y315G,1,1,1,1
Y315H,1,1,1,1
Y315I,1,1,1,1
Y315K,1,1,1,1
Y315L,1,1,1,1
Y315M,1,1,1,1
Y315N,1,1,1,1
Y315P,1,1,1,1
Y315Q,1,1,1,1
Y315R,1,1,1,1
Y315S,1,1,1,1
Y315T,1,1,1,1
Y315V,1,1,1,1
Y315W,1,1,1,1
Y315Y,0,0,0,0
G316A,1,1,1,1
G316C,1,1,1,1
G316D,1,1,1,1
G316E,1,1,1,1
G316F,1,1,1,1
G316G,0,0,0,0
G316H,1,1,1,1
G316I,1,1,1,1
G316K,1,1,1,1
G316L,1,1,1,1
G316M,1,1,1,1
G316N,1,1,1,1
G316P,1,1,1,1
G316Q,1,1,1,1
G316R,1,1,1,1
G316S,1,1,1,1
G316T,1,1,1,1
G316V,1,1,1,1
G316W,1,1,1,1
G316Y,1,1,1,1
D317A,1,1,1,1
D317C,1,1,1,1
D317D,0,0,0,0
D317E,1,1,1,1
D317F,1,1,1,1
D317G,1,1,1,1
D317H,1,1,1,1
D317I,1,1,1,1
D317K,1,1,1,1
D317L,1,1,1,1
D317M,1,1,1,1
D317N,1,1,1,1
D317P,1,1,1,1
D317Q,1,1,1,1
D317R,1,1,1,1
D317S,1,1,1,1
D317T,1,1,1,1
D317V,1,1,1,1
D317W,1,1,1,1
D317Y,1,1,1,1
K318A,1,1,1,1
K318C,1,1,1,1
K318D,1,1,1,1
K318E,1,1,1,1
K318F,1,1,1,1
K318G,1,1,1,1
K318H,1,1,1,1
K318I,1,1,1,1
K318K,0,0,0,0
K318L,1,1,1,1
K318M,1,1,1,1
K318N,1,1,1,1
K318P,1,1,1,1
K318Q,1,1,1,1
K318R,1,1,1,1
K318S,1,1,1,1
K318T,1,1,1,1
K318V,1,1,1,1
K318W,1,1,1,1
K318Y,1,1,1,1
V319A,1,1,1,1
V319C,1,1,1,1
V319D,1,1,1,1
V319E,1,1,1,1
V319F,1,1,1,1
V319G,1,1,1,1
V319H,1,1,1,1
V319I,1,1,1,1
V319K,1,1,1,1
V319L,1,1,1,1
V319M,1,1,1,1
V319N,1,1,1,1
V319P,1,1,1,1
V319Q,1,1,1,1
V319R,1,1,1,1
V319S,1,1,1,1
V319T,1,1,1,1
V319V,0,0,0,0
V319W,1,1,1,1
V319Y,1,1,1,1
P320A,1,1,1,1
P320C,1,1,1,1
P320D,1,1,1,1
P320E,1,1,1,1
P320F,1,1,1,1
P320G,1,1,1,1
P320H,1,1,1,1
P320I,1,1,1,1
P320K,1,1,1,1
P320L,1,1,1,1
P320M,1,1,1,1
P320N,1,1,1,1
P320P,0,0,0,0
P320Q,1,1,1,1
P320R,1,1,1,1
P320S,1,1,1,1
P320T,1,1,1,1
P320V,1,1,1,1
P320W,1,1,1,1
P320Y,1,1,1,1
Q321A,1,1,1,1
Q321C,1,1,1,1
Q321D,1,1,1,1
Q321E,1,1,1,1
Q321F,1,1,1,1
Q321G,1,1,1,1
Q321H,1,1,1,1
Q321I,1,1,1,1
Q321K,1,1,1,1
Q321L,1,1,1,1
Q321M,1,1,1,1
Q321N,1,1,1,1
Q321P,1,1,1,1
Q321Q,0,0,0,0
Q321R,1,1,1,1
Q321S,1,1,1,1
Q321T,1,1,1,1
Q321V,1,1,1,1
Q321W,1,1,1,1
Q321Y,1,1,1,1
T322A,1,1,1,1
T322C,1,1,1,1
T322D,1,1,1,1
T322E,1,1,1,1
T322F,1,1,1,1
T322G,1,1,1,1
T322H,1,1,1,1
T322I,1,1,1,1
T322K,1,1,1,1
T322L,1,1,1,1
T322M,1,1,1,1
T322N,1,1,1,1
T322P,1,1,1,1
T322Q,1,1,1,1
T322R,1,1,1,1
T322S,1,1,1,1
T322T,0,0,0,0
T322V,1,1,1,1
T322W,1,1,1,1
T322Y,1,1,1,1
W323A,1,1,1,1
W323C,1,1,1,1
W323D,1,1,1,1
W323E,1,1,1,1
W323F,1,1,1,1
W323G,1,1,1,1
W323H,1,1,1,1
W323I,1,1,1,1
W323K,1,1,1,1
W323L,1,1,1,1
W323M,1,1,1,1
W323N,1,1,1,1
W323P,1,1,1,1
W323Q,1,1,1,1
W323R,1,1,1,1
W323S,1,1,1,1
W323T,1,1,1,1
W323V,1,1,1,1
W323W,0,0,0,0
W323Y,1,1,1,1
V324A,1,1,1,1
V324C,1,1,1,1
V324D,1,1,1,1
V324E,1,1,1,1
V324F,1,1,1,1
V324G,1,1,1,1
V324H,1,1,1,1
V324I,1,1,1,1
V324K,1,1,1,1
V324L,1,1,1,1
V324M,1,1,1,1
V324N,1,1,1,1
V324P,1,1,1,1
V324Q,1,1,1,1
V324R,1,1,1,1
V324S,1,1,1,1
V324T,1,1,1,1
V324V,0,0,0,0
V324W,1,1,1,1
V324Y,1,1,1,1
G325A,1,1,1,1
G325C,1,1,1,1
G325D,1,1,1,1
G325E,1,1,1,1
G325F,1,1,1,1
G325G,0,0,0,0
G325H,1,1,1,1
G325I,1,1,1,1
G325K,1,1,1,1
G325L,1,1,1,1
G325M,1,1,1,1
G325N,1,1,1,1
G325P,1,1,1,1
G325Q,1,1,1,1
G325R,1,1,1,1
G325S,1,1,1,1
G325T,1,1,1,1
G325V,1,1,1,1
G325W,1,1,1,1
G325Y,1,1,1,1
K326A,1,1,1,1
K326C,1,1,1,1
K326D,1,1,1,1
K326E,1,1,1,1
K326F,1,1,1,1
K326G,1,1,1,1
K326H,1,1,1,1
K326I,1,1,1,1
K326K,0,0,0,0
K326L,1,1,1,1
K326M,1,1,1,1
K326N,1,1,1,1
K326P,1,1,1,1
K326Q,1,1,1,1
K326R,1,1,1,1
K326S,1,1,1,1
K326T,1,1,1,1
K326V,1,1,1,1
K326W,1,1,1,1
K326Y,1,1,1,1
T327A,1,1,1,1
T327C,1,1,1,1
T327D,1,1,1,1
T327E,1,1,1,1
T327F,1,1,1,1
T327G,1,1,1,1
T327H,1,1,1,1
T327I,1,1,1,1
T327K,1,1,1,1
T327L,1,1,1,1
T327M,1,1,1,1
T327N,1,1,1,1
T327P,1,1,1,1
T327Q,1,1,1,1
T327R,1,1,1,1
T327S,1,1,1,1
T327T,0,0,0,0
T327V,1,1,1,1
T327W,1,1,1,1
T327Y,1,1,1,1
I328A,1,1,1,1
I328C,1,1,1,1
I328D,1,1,1,1
I328E,1,1,1,1
I328F,1,1,1,1
I328G,1,1,1,1
I328H,1,1,1,1
I328I,0,0,0,0
I328K,1,1,1,1
I328L,1,1,1,1
I328M,1,1,1,1
I328N,1,1,1,1
I328P,1,1,1,1
I328Q,1,1,1,1
I328R,1,1,1,1
I328S,1,1,1,1
I328T,1,1,1,1
I328V,1,1,1,1
I328W,1,1,1,1
I328Y,1,1,1,1
A329A,0,0,0,0
A329C,1,1,1,1
A329D,1,1,1,1
A329E,1,1,1,1
A329F,1,1,1,1
A329G,1,1,1,1
A329H,1,1,1,1
A329I,1,1,1,1
A329K,1,1,1,1
A329L,1,1,1,1
A329M,1,1,1,1
A329N,1,1,1,1
A329P,1,1,1,1
A329Q,1,1,1,1
A329R,1,1,1,1
A329S,1,1,1,1
A329T,1,1,1,1
A329V,1,1,1,1
A329W,1,1,1,1
A329Y,1,1,1,1
S330A,1,1,1,1
S330C,1,1,1,1
S330D,1,1,1,1
S330E,1,1,1,1
S330F,1,1,1,1
S330G,1,1,1,1
S330H,1,1,1,1
S330I,1,1,1,1
S330K,1,1,1,1
S330L,1,1,1,1
S330M,1,1,1,1
S330N,1,1,1,1
S330P,1,1,1,1
S330Q,1,1,1,1
S330R,1,1,1,1
S330S,0,0,0,0
S330T,1,1,1,1
S330V,1,1,1,1
S330W,1,1,1,1
S330Y,1,1,1,1
C331A,1,1,1,1
C331C,0,0,0,0
C331D,1,1,1,1
C331E,1,1,1,1
C331F,1,1,1,1
C331G,1,1,1,1
C331H,1,1,1,1
C331I,1,1,1,1
C331K,1,1,1,1
C331L,1,1,1,1
C331M,1,1,1,1
C331N,1,1,1,1
C331P,1,1,1,1
C331Q,1,1,1,1
C331R,1,1,1,1
C331S,1,1,1,1
C331T,1,1,1,1
C331V,1,1,1,1
C331W,1,1,1,1
C331Y,1,1,1,1
F332A,1,1,1,1
F332C,1,1,1,1
F332D,1,1,1,1
F332E,1,1,1,1
F332F,0,0,0,0
F332G,1,1,1,1
F332H,1,1,1,1
F332I,1,1,1,1
F332K,1,1,1,1
F332L,1,1,1,1
F332M,1,1,1,1
F332N,1,1,1,1
F332P,1,1,1,1
F332Q,1,1,1,1
F332R,1,1,1,1
F332S,1,1,1,1
F332T,1,1,1,1
F332V,1,1,1,1
F332W,1,1,1,1
F332Y,1,1,1,1
S333A,1,1,1,1
S333C,1,1,1,1
S333D,1,1,1,1
S333E,1,1,1,1
S333F,1,1,1,1
S333G,1,1,1,1
S333H,1,1,1,1
S333I,1,1,1,1
S333K,1,1,1,1
S333L,1,1,1,1
S333M,1,1,1,1
S333N,1,1,1,1
S333P,1,1,1,1
S333Q,1,1,1,1
S333R,1,1,1,1
S333S,0,0,0,0
S333T,1,1,1,1
S333V,1,1,1,1
S333W,1,1,1,1
S333Y,1,1,1,1
V334A,1,1,1,1
V334C,1,1,1,1
V334D,1,1,1,1
V334E,1,1,1,1
V334F,1,1,1,1
V334G,1,1,1,1
V334H,1,1,1,1
V334I,1,1,1,1
V334K,1,1,1,1
V334L,1,1,1,1
V334M,1,1,1,1
V334N,1,1,1,1
V334P,1,1,1,1
V334Q,1,1,1,1
V334R,1,1,1,1
V334S,1,1,1,1
V334T,1,1,1,1
V334V,0,0,0,0
V334W,1,1,1,1
V334Y,1,1,1,1
F335A,1,1,1,1
F335C,1,1,1,1
F335D,1,1,1,1
F335E,1,1,1,1
F335F,0,0,0,0
F335G,1,1,1,1
F335H,1,1,1,1
F335I,1,1,1,1
F335K,1,1,1,1
F335L,1,1,1,1
F335M,1,1,1,1
F335N,1,1,1,1
F335P,1,1,1,1
F335Q,1,1,1,1
F335R,1,1,1,1
F335S,1,1,1,1
F335T,1,1,1,1
F335V,1,1,1,1
F335W,1,1,1,1
F335Y,1,1,1,1
A336A,0,0,0,0
A336C,1,1,1,1
A336D,1,1,1,1
A336E,1,1,1,1
A336F,1,1,1,1
A336G,1,1,1,1
A336H,1,1,1,1
A336I,1,1,1,1
A336K,1,1,1,1
A336L,1,1,1,1
A336M,1,1,1,1
A336N,1,1,1,1
A336P,1,1,1,1
A336Q,1,1,1,1
A336R,1,1,1,1
A336S,1,1,1,1
A336T,1,1,1,1
A336V,1,1,1,1
A336W,1,1,1,1
A336Y,1,1,1,1
I337A,1,1,1,1
I337C,1,1,1,1
I337D,1,1,1,1
I337E,1,1,1,1
I337F,1,1,1,1
I337G,1,1,1,1
I337H,1,1,1,1
I337I,0,0,0,0
I337K,1,1,1,1
I337L,1,1,1,1
I337M,1,1,1,1
I337N,1,1,1,1
I337P,1,1,1,1
I337Q,1,1,1,1
I337R,1,1,1,1
I337S,1,1,1,1
I337T,1,1,1,1
I337V,1,1,1,1
I337W,1,1,1,1
I337Y,1,1,1,1
S338A,1,1,1,1
S338C,1,1,1,1
S338D,1,1,1,1
S338E,1,1,1,1
S338F,1,1,1,1
S338G,1,1,1,1
S338H,1,1,1,1
S338I,1,1,1,1
S338K,1,1,1,1
S338L,1,1,1,1
S338M,1,1,1,1
S338N,1,1,1,1
S338P,1,1,1,1
S338Q,1,1,1,1
S338R,1,1,1,1
S338S,0,0,0,0
S338T,1,1,1,1
S338V,1,1,1,1
S338W,1,1,1,1
S338Y,1,1,1,1
F339A,1,1,1,1
F339C,1,1,1,1
F339D,1,1,1,1
F339E,1,1,1,1
F339F,0,0,0,0
F339G,1,1,1,1
F339H,1,1,1,1
F339I,1,1,1,1
F339K,1,1,1,1
F339L,1,1,1,1
F339M,1,1,1,1
F339N,1,1,1,1
F339P,1,1,1,1
F339Q,1,1,1,1
F339R,1,1,1,1
F339S,1,1,1,1
F339T,1,1,1,1
F339V,1,1,1,1
F339W,1,1,1,1
F339Y,1,1,1,1
F340A,1,1,1,1
F340C,1,1,1,1
F340D,1,1,1,1
F340E,1,1,1,1
F340F,0,0,0,0
F340G,1,1,1,1
F340H,1,1,1,1
F340I,1,1,1,1
F340K,1,1,1,1
F340L,1,1,1,1
F340M,1,1,1,1
F340N,1,1,1,1
F340P,1,1,1,1
F340Q,1,1,1,1
F340R,1,1,1,1
F340S,1,1,1,1
F340T,1,1,1,1
F340V,1,1,1,1
F340W,1,1,1,1
F340Y,1,1,1,1
A341A,0,0,0,0
A341C,1,1,1,1
A341D,1,1,1,1
A341E,1,1,1,1
A341F,1,1,1,1
A341G,1,1,1,1
A341H,1,1,1,1
A341I,1,1,1,1
A341K,1,1,1,1
A341L,1,1,1,1
A341M,1,1,1,1
A341N,1,1,1,1
A341P,1,1,1,1
A341Q,1,1,1,1
A341R,1,1,1,1
A341S,1,1,1,1
A341T,1,1,1,1
A341V,1,1,1,1
A341W,1,1,1,1
A341Y,1,1,1,1
L342A,1,1,1,1
L342C,1,1,1,1
L342D,1,1,1,1
L342E,1,1,1,1
L342F,1,1,1,1
L342G,1,1,1,1
L342H,1,1,1,1
L342I,1,1,1,1
L342K,1,1,1,1
L342L,0,0,0,0
L342M,1,1,1,1
L342N,1,1,1,1
L342P,1,1,1,1
L342Q,1,1,1,1
L342R,1,1,1,1
L342S,1,1,1,1
L342T,1,1,1,1
L342V,1,1,1,1
L342W,1,1,1,1
L342Y,1,1,1,1
P343A,1,1,1,1
P343C,1,1,1,1
P343D,1,1,1,1
P343E,1,1,1,1
P343F,1,1,1,1
P343G,1,1,1,1
P343H,1,1,1,1
P343I,1,1,1,1
P343K,1,1,1,1
P343L,1,1,1,1
P343M,1,1,1,1
P343N,1,1,1,1
P343P,0,0,0,0
P343Q,1,1,1,1
P343R,1,1,1,1
P343S,1,1,1,1
P343T,1,1,1,1
P343V,1,1,1,1
P343W,1,1,1,1
P343Y,1,1,1,1
A344A,0,0,0,0
A344C,1,1,1,1
A344D,1,1,1,1
A344E,1,1,1,1
A344F,1,1,1,1
A344G,1,1,1,1
A344H,1,1,1,1
A344I,1,1,1,1
A344K,1,1,1,1
A344L,1,1,1,1
A344M,1,1,1,1
A344N,1,1,1,1
A344P,1,1,1,1
A344Q,1,1,1,1
A344R,1,1,1,1
A344S,1,1,1,1
A344T,1,1,1,1
A344V,1,1,1,1
A344W,1,1,1,1
A344Y,1,1,1,1
G345A,1,1,1,1
G345C,1,1,1,1
G345D,1,1,1,1
G345E,1,1,1,1
G345F,1,1,1,1
G345G,0,0,0,0
G345H,1,1,1,1
G345I,1,1,1,1
G345K,1,1,1,1
G345L,1,1,1,1
G345M,1,1,1,1
G345N,1,1,1,1
G345P,1,1,1,1
G345Q,1,1,1,1
G345R,1,1,1,1
G345S,1,1,1,1
G345T,1,1,1,1
G345V,1,1,1,1
G345W,1,1,1,1
G345Y,1,1,1,1
I346A,1,1,1,1
I346C,1,1,1,1
I346D,1,1,1,1
I346E,1,1,1,1
I346F,1,1,1,1
I346G,1,1,1,1
I346H,1,1,1,1
I346I,0,0,0,0
I346K,1,1,1,1
I346L,1,1,1,1
I346M,1,1,1,1
I346N,1,1,1,1
I346P,1,1,1,1
I346Q,1,1,1,1
I346R,1,1,1,1
I346S,1,1,1,1
I346T,1,1,1,1
I346V,1,1,1,1
I346W,1,1,1,1
I346Y,1,1,1,1
L347A,1,1,1,1
L347C,1,1,1,1
L347D,1,1,1,1
L347E,1,1,1,1
L347F,1,1,1,1
L347G,1,1,1,1
L347H,1,1,1,1
L347I,1,1,1,1
L347K,1,1,1,1
L347L,0,0,0,0
L347M,1,1,1,1
L347N,1,1,1,1
L347P,1,1,1,1
L347Q,1,1,1,1
L347R,1,1,1,1
L347S,1,1,1,1
L347T,1,1,1,1
L347V,1,1,1,1
L347W,1,1,1,1
L347Y,1,1,1,1
G348A,1,1,1,1
G348C,1,1,1,1
G348D,1,1,1,1
G348E,1,1,1,1
G348F,1,1,1,1
G348G,0,0,0,0
G348H,1,1,1,1
G348I,1,1,1,1
G348K,1,1,1,1
G348L,1,1,1,1
G348M,1,1,1,1
G348N,1,1,1,1
G348P,1,1,1,1
G348Q,1,1,1,1
G348R,1,1,1,1
G348S,1,1,1,1
G348T,1,1,1,1
G348V,1,1,1,1
G348W,1,1,1,1
G348Y,1,1,1,1
S349A,1,1,1,1
S349C,1,1,1,1
S349D,1,1,1,1
S349E,1,1,1,1
S349F,1,1,1,1
S349G,1,1,1,1
S349H,1,1,1,1
S349I,1,1,1,1
S349K,1,1,1,1
S349L,1,1,1,1
S349M,1,1,1,1
S349N,1,1,1,1
S349P,1,1,1,1
S349Q,1,1,1,1
S349R,1,1,1,1
S349S,0,0,0,0
S349T,1,1,1,1
S349V,1,1,1,1
S349W,1,1,1,1
S349Y,1,1,1,1
G350A,1,1,1,1
G350C,1,1,1,1
G350D,1,1,1,1
G350E,1,1,1,1
G350F,1,1,1,1
G350G,0,0,0,0
G350H,1,1,1,1
G350I,1,1,1,1
G350K,1,1,1,1
G350L,1,1,1,1
G350M,1,1,1,1
G350N,1,1,1,1
G350P,1,1,1,1
G350Q,1,1,1,1
G350R,1,1,1,1
G350S,1,1,1,1
G350T,1,1,1,1
G350V,1,1,1,1
G350W,1,1,1,1
G350Y,1,1,1,1
F351A,1,1,1,1
F351C,1,1,1,1
F351D,1,1,1,1
F351E,1,1,1,1
F351F,0,0,0,0
F351G,1,1,1,1
F351H,1,1,1,1
F351I,1,1,1,1
F351K,1,1,1,1
F351L,1,1,1,1
F351M,1,1,1,1
F351N,1,1,1,1
F351P,1,1,1,1
F351Q,1,1,1,1
F351R,1,1,1,1
F351S,1,1,1,1
F351T,1,1,1,1
F351V,1,1,1,1
F351W,1,1,1,1
F351Y,1,1,1,1
A352A,0,0,0,0
A352C,1,1,1,1
A352D,1,1,1,1
A352E,1,1,1,1
A352F,1,1,1,1
A352G,1,1,1,1
A352H,1,1,1,1
A352I,1,1,1,1
A352K,1,1,1,1
A352L,1,1,1,1
A352M,1,1,1,1
A352N,1,1,1,1
A352P,1,1,1,1
A352Q,1,1,1,1
A352R,1,1,1,1
A352S,1,1,1,1
A352T,1,1,1,1
A352V,1,1,1,1
A352W,1,1,1,1
A352Y,1,1,1,1
L353A,1,1,1,1
L353C,1,1,1,1
L353D,1,1,1,1
L353E,1,1,1,1
L353F,1,1,1,1
L353G,1,1,1,1
L353H,1,1,1,1
L353I,1,1,1,1
L353K,1,1,1,1
L353L,0,0,0,0
L353M,1,1,1,1
L353N,1,1,1,1
L353P,1,1,1,1
L353Q,1,1,1,1
L353R,1,1,1,1
L353S,1,1,1,1
L353T,1,1,1,1
L353V,1,1,1,1
L353W,1,1,1,1
L353Y,1,1,1,1
K354A,1,1,1,1
K354C,1,1,1,1
K354D,1,1,1,1
K354E,1,1,1,1
K354F,1,1,1,1
K354G,1,1,1,1
K354H,1,1,1,1
K354I,1,1,1,1
K354K,0,0,0,0
K354L,1,1,1,1
K354M,1,1,1,1
K354N,1,1,1,1
K354P,1,1,1,1
K354Q,1,1,1,1
K354R,1,1,1,1
K354S,1,1,1,1
K354T,1,1,1,1
K354V,1,1,1,1
K354W,1,1,1,1
K354Y,1,1,1,1
V355A,1,1,1,1
V355C,1,1,1,1
V355D,1,1,1,1
V355E,1,1,1,1
V355F,1,1,1,1
V355G,1,1,1,1
V355H,1,1,1,1
V355I,1,1,1,1
V355K,1,1,1,1
V355L,1,1,1,1
V355M,1,1,1,1
V355N,1,1,1,1
V355P,1,1,1,1
V355Q,1,1,1,1
V355R,1,1,1,1
V355S,1,1,1,1
V355T,1,1,1,1
V355V,0,0,0,0
V355W,1,1,1,1
V355Y,1,1,1,1
Q356A,1,1,1,1
Q356C,1,1,1,1
Q356D,1,1,1,1
Q356E,1,1,1,1
Q356F,1,1,1,1
Q356G,1,1,1,1
Q356H,1,1,1,1
Q356I,1,1,1,1
Q356K,1,1,1,1
Q356L,1,1,1,1
Q356M,1,1,1,1
Q356N,1,1,1,1
Q356P,1,1,1,1
Q356Q,0,0,0,0
Q356R,1,1,1,1
Q356S,1,1,1,1
Q356T,1,1,1,1
Q356V,1,1,1,1
Q356W,1,1,1,1
Q356Y,1,1,1,1
Q357A,1,1,1,1
Q357C,1,1,1,1
Q357D,1,1,1,1
Q357E,1,1,1,1
Q357F,1,1,1,1
Q357G,1,1,1,1
Q357H,1,1,1,1
Q357I,1,1,1,1
Q357K,1,1,1,1
Q357L,1,1,1,1
Q357M,1,1,1,1
Q357N,1,1,1,1
Q357P,1,1,1,1
Q357Q,0,0,0,0
Q357R,1,1,1,1
Q357S,1,1,1,1
Q357T,1,1,1,1
Q357V,1,1,1,1
Q357W,1,1,1,1
Q357Y,1,1,1,1
K358A,1,1,1,1
K358C,1,1,1,1
K358D,1,1,1,1
K358E,1,1,1,1
K358F,1,1,1,1
K358G,1,1,1,1
K358H,1,1,1,1
K358I,1,1,1,1
K358K,0,0,0,0
K358L,1,1,1,1
K358M,1,1,1,1
K358N,1,1,1,1
K358P,1,1,1,1
K358Q,1,1,1,1
K358R,1,1,1,1
K358S,1,1,1,1
K358T,1,1,1,1
K358V,1,1,1,1
K358W,1,1,1,1
K358Y,1,1,1,1
Q359A,1,1,1,1
Q359C,1,1,1,1
Q359D,1,1,1,1
Q359E,1,1,1,1
Q359F,1,1,1,1
Q359G,1,1,1,1
Q359H,1,1,1,1
Q359I,1,1,1,1
Q359K,1,1,1,1
Q359L,1,1,1,1
Q359M,1,1,1,1
Q359N,1,1,1,1
Q359P,1,1,1,1
Q359Q,0,0,0,0
Q359R,1,1,1,1
Q359S,1,1,1,1
Q359T,1,1,1,1
Q359V,1,1,1,1
Q359W,1,1,1,1
Q359Y,1,1,1,1
R360A,1,1,1,1
R360C,1,1,1,1
R360D,1,1,1,1
R360E,1,1,1,1
R360F,1,1,1,1
R360G,1,1,1,1
R360H,1,1,1,1
R360I,1,1,1,1
R360K,1,1,1,1
R360L,1,1,1,1
R360M,1,1,1,1
R360N,1,1,1,1
R360P,1,1,1,1
R360Q,1,1,1,1
R360R,0,0,0,0
R360S,1,1,1,1
R360T,1,1,1,1
R360V,1,1,1,1
R360W,1,1,1,1
R360Y,1,1,1,1
Q361A,1,1,1,1
Q361C,1,1,1,1
Q361D,1,1,1,1
Q361E,1,1,1,1
Q361F,1,1,1,1
Q361G,1,1,1,1
Q361H,1,1,1,1
Q361I,1,1,1,1
Q361K,1,1,1,1
Q361L,1,1,1,1
Q361M,1,1,1,1
Q361N,1,1,1,1
Q361P,1,1,1,1
Q361Q,0,0,0,0
Q361R,1,1,1,1
Q361S,1,1,1,1
Q361T,1,1,1,1
Q361V,1,1,1,1
Q361W,1,1,1,1
Q361Y,1,1,1,1
K362A,1,1,1,1
K362C,1,1,1,1
K362D,1,1,1,1
K362E,1,1,1,1
K362F,1,1,1,1
K362G,1,1,1,1
K362H,1,1,1,1
K362I,1,1,1,1
K362K,0,0,0,0
K362L,1,1,1,1
K362M,1,1,1,1
K362N,1,1,1,1
K362P,1,1,1,1
K362Q,1,1,1,1
K362R,1,1,1,1
K362S,1,1,1,1
K362T,1,1,1,1
K362V,1,1,1,1
K362W,1,1,1,1
K362Y,1,1,1,1
H363A,1,1,1,1
H363C,1,1,1,1
H363D,1,1,1,1
H363E,1,1,1,1
H363F,1,1,1,1
H363G,1,1,1,1
H363H,0,0,0,0
H363I,1,1,1,1
H363K,1,1,1,1
H363L,1,1,1,1
H363M,1,1,1,1
H363N,1,1,1,1
H363P,1,1,1,1
H363Q,1,1,1,1
H363R,1,1,1,1
H363S,1,1,1,1
H363T,1,1,1,1
H363V,1,1,1,1
H363W,1,1,1,1
H363Y,1,1,1,1
F364A,1,1,1,1
F364C,1,1,1,1
F364D,1,1,1,1
F364E,1,1,1,1
F364F,0,0,0,0
F364G,1,1,1,1
F364H,1,1,1,1
F364I,1,1,1,1
F364K,1,1,1,1
F364L,1,1,1,1
F364M,1,1,1,1
F364N,1,1,1,1
F364P,1,1,1,1
F364Q,1,1,1,1
F364R,1,1,1,1
F364S,1,1,1,1
F364T,1,1,1,1
F364V,1,1,1,1
F364W,1,1,1,1
F364Y,1,1,1,1
N365A,1,1,1,1
N365C,1,1,1,1
N365D,1,1,1,1
N365E,1,1,1,1
N365F,1,1,1,1
N365G,1,1,1,1
N365H,1,1,1,1
N365I,1,1,1,1
N365K,1,1,1,1
N365L,1,1,1,1
N365M,1,1,1,1
N365N,0,0,0,0
N365P,1,1,1,1
N365Q,1,1,1,1
N365R,1,1,1,1
N365S,1,1,1,1
N365T,1,1,1,1
N365V,1,1,1,1
N365W,1,1,1,1
N365Y,1,1,1,1
R366A,1,1,1,1
R366C,1,1,1,1
R366D,1,1,1,1
R366E,1,1,1,1
R366F,1,1,1,1
R366G,1,1,1,1
R366H,1,1,1,1
R366I,1,1,1,1
R366K,1,1,1,1
R366L,1,1,1,1
R366M,1,1,1,1
R366N,1,1,1,1
R366P,1,1,1,1
R366Q,1,1,1,1
R366R,0,0,0,0
R366S,1,1,1,1
R366T,1,1,1,1
R366V,1,1,1,1
R366W,1,1,1,1
R366Y,1,1,1,1
Q367A,1,1,1,1
Q367C,1,1,1,1
Q367D,1,1,1,1
Q367E,1,1,1,1
Q367F,1,1,1,1
Q367G,1,1,1,1
Q367H,1,1,1,1
Q367I,1,1,1,1
Q367K,1,1,1,1
Q367L,1,1,1,1
Q367M,1,1,1,1
Q367N,1,1,1,1
Q367P,1,1,1,1
Q367Q,0,0,0,0
Q367R,1,1,1,1
Q367S,1,1,1,1
Q367T,1,1,1,1
Q367V,1,1,1,1
Q367W,1,1,1,1
Q367Y,1,1,1,1
I368A,1,1,1,1
I368C,1,1,1,1
I368D,1,1,1,1
I368E,1,1,1,1
I368F,1,1,1,1
I368G,1,1,1,1
I368H,1,1,1,1
I368I,0,0,0,0
I368K,1,1,1,1
I368L,1,1,1,1
I368M,1,1,1,1
I368N,1,1,1,1
I368P,1,1,1,1
I368Q,1,1,1,1
I368R,1,1,1,1
I368S,1,1,1,1
I368T,1,1,1,1
I368V,1,1,1,1
I368W,1,1,1,1
I368Y,1,1,1,1
P369A,1,1,1,1
P369C,1,1,1,1
P369D,1,1,1,1
P369E,1,1,1,1
P369F,1,1,1,1
P369G,1,1,1,1
P369H,1,1,1,1
P369I,1,1,1,1
P369K,1,1,1,1
P369L,1,1,1,1
P369M,1,1,1,1
P369N,1,1,1,1
P369P,0,0,0,0
P369Q,1,1,1,1
P369R,1,1,1,1
P369S,1,1,1,1
P369T,1,1,1,1
P369V,1,1,1,1
P369W,1,1,1,1
P369Y,1,1,1,1
A370A,0,0,0,0
A370C,1,1,1,1
A370D,1,1,1,1
A370E,1,1,1,1
A370F,1,1,1,1
A370G,1,1,1,1
A370H,1,1,1,1
A370I,1,1,1,1
A370K,1,1,1,1
A370L,1,1,1,1
A370M,1,1,1,1
A370N,1,1,1,1
A370P,1,1,1,1
A370Q,1,1,1,1
A370R,1,1,1,1
A370S,1,1,1,1
A370T,1,1,1,1
A370V,1,1,1,1
A370W,1,1,1,1
A370Y,1,1,1,1
A371A,0,0,0,0
A371C,1,1,1,1
A371D,1,1,1,1
A371E,1,1,1,1
A371F,1,1,1,1
A371G,1,1,1,1
A371H,1,1,1,1
A371I,1,1,1,1
A371K,1,1,1,1
A371L,1,1,1,1
A371M,1,1,1,1
A371N,1,1,1,1
A371P,1,1,1,1
A371Q,1,1,1,1
A371R,1,1,1,1
A371S,1,1,1,1
A371T,1,1,1,1
A371V,1,1,1,1
A371W,1,1,1,1
A371Y,1,1,1,1
A372A,0,0,0,0
A372C,1,1,1,1
A372D,1,1,1,1
A372E,1,1,1,1
A372F,1,1,1,1
A372G,1,1,1,1
A372H,1,1,1,1
A372I,1,1,1,1
A372K,1,1,1,1
A372L,1,1,1,1
A372M,1,1,1,1
A372N,1,1,1,1
A372P,1,1,1,1
A372Q,1,1,1,1
A372R,1,1,1,1
A372S,1,1,1,1
A372T,1,1,1,1
A372V,1,1,1,1
A372W,1,1,1,1
A372Y,1,1,1,1
S373A,1,1,1,1
S373C,1,1,1,1
S373D,1,1,1,1
S373E,1,1,1,1
S373F,1,1,1,1
S373G,1,1,1,1
S373H,1,1,1,1
S373I,1,1,1,1
S373K,1,1,1,1
S373L,1,1,1,1
S373M,1,1,1,1
S373N,1,1,1,1
S373P,1,1,1,1
S373Q,1,1,1,1
S373R,1,1,1,1
S373S,0,0,0,0
S373T,1,1,1,1
S373V,1,1,1,1
S373W,1,1,1,1
S373Y,1,1,1,1
L374A,1,1,1,1
L374C,1,1,1,1
L374D,1,1,1,1
L374E,1,1,1,1
L374F,1,1,1,1
L374G,1,1,1,1
L374H,1,1,1,1
L374I,1,1,1,1
L374K,1,1,1,1
L374L,0,0,0,0
L374M,1,1,1,1
L374N,1,1,1,1
L374P,1,1,1,1
L374Q,1,1,1,1
L374R,1,1,1,1
L374S,1,1,1,1
L374T,1,1,1,1
L374V,1,1,1,1
L374W,1,1,1,1
L374Y,1,1,1,1
I375A,1,1,1,1
I375C,1,1,1,1
I375D,1,1,1,1
I375E,1,1,1,1
I375F,1,1,1,1
I375G,1,1,1,1
I375H,1,1,1,1
I375I,0,0,0,0
I375K,1,1,1,1
I375L,1,1,1,1
I375M,1,1,1,1
I375N,1,1,1,1
I375P,1,1,1,1
I375Q,1,1,1,1
I375R,1,1,1,1
I375S,1,1,1,1
I375T,1,1,1,1
I375V,1,1,1,1
I375W,1,1,1,1
I375Y,1,1,1,1
Q376A,1,1,1,1
Q376C,1,1,1,1
Q376D,1,1,1,1
Q376E,1,1,1,1
Q376F,1,1,1,1
Q376G,1,1,1,1
Q376H,1,1,1,1
Q376I,1,1,1,1
Q376K,1,1,1,1
Q376L,1,1,1,1
Q376M,1,1,1,1
Q376N,1,1,1,1
Q376P,1,1,1,1
Q376Q,0,0,0,0
Q376R,1,1,1,1
Q376S,1,1,1,1
Q376T,1,1,1,1
Q376V,1,1,1,1
Q376W,1,1,1,1
Q376Y,1,1,1,1
T377A,1,1,1,1
T377C,1,1,1,1
T377D,1,1,1,1
T377E,1,1,1,1
T377F,1,1,1,1
T377G,1,1,1,1
T377H,1,1,1,1
T377I,1,1,1,1
T377K,1,1,1,1
T377L,1,1,1,1
T377M,1,1,1,1
T377N,1,1,1,1
T377P,1,1,1,1
T377Q,1,1,1,1
T377R,1,1,1,1
T377S,1,1,1,1
T377T,0,0,0,0
T377V,1,1,1,1
T377W,1,1,1,1
T377Y,1,1,1,1
A378A,0,0,0,0
A378C,1,1,1,1
A378D,1,1,1,1
A378E,1,1,1,1
A378F,1,1,1,1
A378G,1,1,1,1
A378H,1,1,1,1
A378I,1,1,1,1
A378K,1,1,1,1
A378L,1,1,1,1
A378M,1,1,1,1
A378N,1,1,1,1
A378P,1,1,1,1
A378Q,1,1,1,1
A378R,1,1,1,1
A378S,1,1,1,1
A378T,1,1,1,1
A378V,1,1,1,1
A378W,1,1,1,1
A378Y,1,1,1,1
W379A,1,1,1,1
W379C,1,1,1,1
W379D,1,1,1,1
W379E,1,1,1,1
W379F,1,1,1,1
W379G,1,1,1,1
W379H,1,1,1,1
W379I,1,1,1,1
W379K,1,1,1,1
W379L,1,1,1,1
W379M,1,1,1,1
W379N,1,1,1,1
W379P,1,1,1,1
W379Q,1,1,1,1
W379R,1,1,1,1
W379S,1,1,1,1
W379T,1,1,1,1
W379V,1,1,1,1
W379W,0,0,0,0
W379Y,1,1,1,1
R380A,1,1,1,1
R380C,1,1,1,1
R380D,1,1,1,1
R380E,1,1,1,1
R380F,1,1,1,1
R380G,1,1,1,1
R380H,1,1,1,1
R380I,1,1,1,1
R380K,1,1,1,1
R380L,1,1,1,1
R380M,1,1,1,1
R380N,1,1,1,1
R380P,1,1,1,1
R380Q,1,1,1,1
R380R,0,0,0,0
R380S,1,1,1,1
R380T,1,1,1,1
R380V,1,1,1,1
R380W,1,1,1,1
R380Y,1,1,1,1
C381A,1,1,1,1
C381C,0,0,0,0
C381D,1,1,1,1
C381E,1,1,1,1
C381F,1,1,1,1
C381G,1,1,1,1
C381H,1,1,1,1
C381I,1,1,1,1
C381K,1,1,1,1
C381L,1,1,1,1
C381M,1,1,1,1
C381N,1,1,1,1
C381P,1,1,1,1
C381Q,1,1,1,1
C381R,1,1,1,1
C381S,1,1,1,1
C381T,1,1,1,1
C381V,1,1,1,1
C381W,1,1,1,1
C381Y,1,1,1,1
Y382A,1,1,1,1
Y382C,1,1,1,1
Y382D,1,1,1,1
Y382E,1,1,1,1
Y382F,1,1,1,1
Y382G,1,1,1,1
Y382H,1,1,1,1
Y382I,1,1,1,1
Y382K,1,1,1,1
Y382L,1,1,1,1
Y382M,1,1,1,1
Y382N,1,1,1,1
Y382P,1,1,1,1
Y382Q,1,1,1,1
Y382R,1,1,1,1
Y382S,1,1,1,1
Y382T,1,1,1,1
Y382V,1,1,1,1
Y382W,1,1,1,1
Y382Y,0,0,0,0
A383A,0,0,0,0
A383C,1,1,1,1
A383D,1,1,1,1
A383E,1,1,1,1
A383F,1,1,1,1
A383G,1,1,1,1
A383H,1,1,1,1
A383I,1,1,1,1
A383K,1,1,1,1
A383L,1,1,1,1
A383M,1,1,1,1
A383N,1,1,1,1
A383P,1,1,1,1
A383Q,1,1,1,1
A383R,1,1,1,1
A383S,1,1,1,1
A383T,1,1,1,1
A383V,1,1,1,1
A383W,1,1,1,1
A383Y,1,1,1,1
A384A,0,0,0,0
A384C,1,1,1,1
A384D,1,1,1,1
A384E,1,1,1,1
A384F,1,1,1,1
A384G,1,1,1,1
A384H,1,1,1,1
A384I,1,1,1,1
A384K,1,1,1,1
A384L,1,1,1,1
A384M,1,1,1,1
A384N,1,1,1,1
A384P,1,1,1,1
A384Q,1,1,1,1
A384R,1,1,1,1
A384S,1,1,1,1
A384T,1,1,1,1
A384V,1,1,1,1
A384W,1,1,1,1
A384Y,1,1,1,1
E385A,1,1,1,1
E385C,1,1,1,1
E385D,1,1,1,1
E385E,0,0,0,0
E385F,1,1,1,1
E385G,1,1,1,1
E385H,1,1,1,1
E385I,1,1,1,1
E385K,1,1,1,1
E385L,1,1,1,1
E385M,1,1,1,1
E385N,1,1,1,1
E385P,1,1,1,1
E385Q,1,1,1,1
E385R,1,1,1,1
E385S,1,1,1,1
E385T,1,1,1,1
E385V,1,1,1,1
E385W,1,1,1,1
E385Y,1,1,1,1
N386A,1,1,1,1
N386C,1,1,1,1
N386D,1,1,1,1
N386E,1,1,1,1
N386F,1,1,1,1
N386G,1,1,1,1
N386H,1,1,1,1
N386I,1,1,1,1
N386K,1,1,1,1
N386L,1,1,1,1
N386M,1,1,1,1
N386N,0,0,0,0
N386P,1,1,1,1
N386Q,1,1,1,1
N386R,1,1,1,1
N386S,1,1,1,1
N386T,1,1,1,1
N386V,1,1,1,1
N386W,1,1,1,1
N386Y,1,1,1,1
P387A,1,1,1,1
P387C,1,1,1,1
P387D,1,1,1,1
P387E,1,1,1,1
P387F,1,1,1,1
P387G,1,1,1,1
P387H,1,1,1,1
P387I,1,1,1,1
P387K,1,1,1,1
P387L,1,1,1,1
P387M,1,1,1,1
P387N,1,1,1,1
P387P,0,0,0,0
P387Q,1,1,1,1
P387R,1,1,1,1
P387S,1,1,1,1
P387T,1,1,1,1
P387V,1,1,1,1
P387W,1,1,1,1
P387Y,1,1,1,1
D388A,1,1,1,1
D388C,1,1,1,1
D388D,0,0,0,0
D388E,1,1,1,1
D388F,1,1,1,1
D388G,1,1,1,1
D388H,1,1,1,1
D388I,1,1,1,1
D388K,1,1,1,1
D388L,1,1,1,1
D388M,1,1,1,1
D388N,1,1,1,1
D388P,1,1,1,1
D388Q,1,1,1,1
D388R,1,1,1,1
D388S,1,1,1,1
D388T,1,1,1,1
D388V,1,1,1,1
D388W,1,1,1,1
D388Y,1,1,1,1
S389A,1,1,1,1
S389C,1,1,1,1
S389D,1,1,1,1
S389E,1,1,1,1
S389F,1,1,1,1
S389G,1,1,1,1
S389H,1,1,1,1
S389I,1,1,1,1
S389K,1,1,1,1
S389L,1,1,1,1
S389M,1,1,1,1
S389N,1,1,1,1
S389P,1,1,1,1
S389Q,1,1,1,1
S389R,1,1,1,1
S389S,0,0,0,0
S389T,1,1,1,1
S389V,1,1,1,1
S389W,1,1,1,1
S389Y,1,1,1,1
S390A,1,1,1,1
S390C,1,1,1,1
S390D,1,1,1,1
S390E,1,1,1,1
S390F,1,1,1,1
S390G,1,1,1,1
S390H,1,1,1,1
S390I,1,1,1,1
S390K,1,1,1,1
S390L,1,1,1,1
S390M,1,1,1,1
S390N,1,1,1,1
S390P,1,1,1,1
S390Q,1,1,1,1
S390R,1,1,1,1
S390S,0,0,0,0
S390T,1,1,1,1
S390V,1,1,1,1
S390W,1,1,1,1
S390Y,1,1,1,1
T391A,1,1,1,1
T391C,1,1,1,1
T391D,1,1,1,1
T391E,1,1,1,1
T391F,1,1,1,1
T391G,1,1,1,1
T391H,1,1,1,1
T391I,1,1,1,1
T391K,1,1,1,1
T391L,1,1,1,1
T391M,1,1,1,1
T391N,1,1,1,1
T391P,1,1,1,1
T391Q,1,1,1,1
T391R,1,1,1,1
T391S,1,1,1,1
T391T,0,0,0,0
T391V,1,1,1,1
T391W,1,1,1,1
T391Y,1,1,1,1
W392A,1,1,1,1
W392C,1,1,1,1
W392D,1,1,1,1
W392E,1,1,1,1
W392F,1,1,1,1
W392G,1,1,1,1
W392H,1,1,1,1
W392I,1,1,1,1
W392K,1,1,1,1
W392L,1,1,1,1
W392M,1,1,1,1
W392N,1,1,1,1
W392P,1,1,1,1
W392Q,1,1,1,1
W392R,1,1,1,1
W392S,1,1,1,1
W392T,1,1,1,1
W392V,1,1,1,1
W392W,0,0,0,0
W392Y,1,1,1,1
K393A,1,1,1,1
K393C,1,1,1,1
K393D,1,1,1,1
K393E,1,1,1,1
K393F,1,1,1,1
K393G,1,1,1,1
K393H,1,1,1,1
K393I,1,1,1,1
K393K,0,0,0,0
K393L,1,1,1,1
K393M,1,1,1,1
K393N,1,1,1,1
K393P,1,1,1,1
K393Q,1,1,1,1
K393R,1,1,1,1
K393S,1,1,1,1
K393T,1,1,1,1
K393V,1,1,1,1
K393W,1,1,1,1
K393Y,1,1,1,1
I394A,1,1,1,1
I394C,1,1,1,1
I394D,1,1,1,1
I394E,1,1,1,1
I394F,1,1,1,1
I394G,1,1,1,1
I394H,1,1,1,1
I394I,0,0,0,0
I394K,1,1,1,1
I394L,1,1,1,1
I394M,1,1,1,1
I394N,1,1,1,1
I394P,1,1,1,1
I394Q,1,1,1,1
I394R,1,1,1,1
I394S,1,1,1,1
I394T,1,1,1,1
I394V,1,1,1,1
I394W,1,1,1,1
I394Y,1,1,1,1
Y395A,1,1,1,1
Y395C,1,1,1,1
Y395D,1,1,1,1
Y395E,1,1,1,1
Y395F,1,1,1,1
Y395G,1,1,1,1
Y395H,1,1,1,1
Y395I,1,1,1,1
Y395K,1,1,1,1
Y395L,1,1,1,1
Y395M,1,1,1,1
Y395N,1,1,1,1
Y395P,1,1,1,1
Y395Q,1,1,1,1
Y395R,1,1,1,1
Y395S,1,1,1,1
Y395T,1,1,1,1
Y395V,1,1,1,1
Y395W,1,1,1,1
Y395Y,0,0,0,0
I396A,1,1,1,1
I396C,1,1,1,1
I396D,1,1,1,1
I396E,1,1,1,1
I396F,1,1,1,1
I396G,1,1,1,1
I396H,1,1,1,1
I396I,0,0,0,0
I396K,1,1,1,1
I396L,1,1,1,1
I396M,1,1,1,1
I396N,1,1,1,1
I396P,1,1,1,1
I396Q,1,1,1,1
I396R,1,1,1,1
I396S,1,1,1,1
I396T,1,1,1,1
I396V,1,1,1,1
I396W,1,1,1,1
I396Y,1,1,1,1
L506A,1,1,1,1
L506C,1,1,1,1
L506D,1,1,1,1
L506E,1,1,1,1
L506F,1,1,1,1
L506G,1,1,1,1
L506H,1,1,1,1
L506I,1,1,1,1
L506K,1,1,1,1
L506L,0,0,0,0
L506M,1,1,1,1
L506N,1,1,1,1
L506P,1,1,1,1
L506Q,1,1,1,1
L506R,1,1,1,1
L506S,1,1,1,1
L506T,1,1,1,1
L506V,1,1,1,1
L506W,1,1,1,1
L506Y,1,1,1,1
R507A,1,1,1,1
R507C,1,1,1,1
R507D,1,1,1,1
R507E,1,1,1,1
R507F,1,1,1,1
R507G,1,1,1,1
R507H,1,1,1,1
R507I,1,1,1,1
R507K,1,1,1,1
R507L,1,1,1,1
R507M,1,1,1,1
R507N,1,1,1,1
R507P,1,1,1,1
R507Q,1,1,1,1
R507R,0,0,0,0
R507S,1,1,1,1
R507T,1,1,1,1
R507V,1,1,1,1
R507W,1,1,1,1
R507Y,1,1,1,1
E508A,1,1,1,1
E508C,1,1,1,1
E508D,1,1,1,1
E508E,0,0,0,0
E508F,1,1,1,1
E508G,1,1,1,1
E508H,1,1,1,1
E508I,1,1,1,1
E508K,1,1,1,1
E508L,1,1,1,1
E508M,1,1,1,1
E508N,1,1,1,1
E508P,1,1,1,1
E508Q,1,1,1,1
E508R,1,1,1,1
E508S,1,1,1,1
E508T,1,1,1,1
E508V,1,1,1,1
E508W,1,1,1,1
E508Y,1,1,1,1
H509A,1,1,1,1
H509C,1,1,1,1
H509D,1,1,1,1
H509E,1,1,1,1
H509F,1,1,1,1
H509G,1,1,1,1
H509H,0,0,0,0
H509I,1,1,1,1
H509K,1,1,1,1
H509L,1,1,1,1
H509M,1,1,1,1
H509N,1,1,1,1
H509P,1,1,1,1
H509Q,1,1,1,1
H509R,1,1,1,1
H509S,1,1,1,1
H509T,1,1,1,1
H509V,1,1,1,1
H509W,1,1,1,1
H509Y,1,1,1,1
H510A,1,1,1,1
H510C,1,1,1,1
H510D,1,1,1,1
H510E,1,1,1,1
H510F,1,1,1,1
H510G,1,1,1,1
H510H,0,0,0,0
H510I,1,1,1,1
H510K,1,1,1,1
H510L,1,1,1,1
H510M,1,1,1,1
H510N,1,1,1,1
H510P,1,1,1,1
H510Q,1,1,1,1
H510R,1,1,1,1
H510S,1,1,1,1
H510T,1,1,1,1
H510V,1,1,1,1
H510W,1,1,1,1
H510Y,1,1,1,1
R511A,1,1,1,1
R511C,1,1,1,1
R511D,1,1,1,1
R511E,1,1,1,1
R511F,1,1,1,1
R511G,1,1,1,1
R511H,1,1,1,1
R511I,1,1,1,1
R511K,1,1,1,1
R511L,1,1,1,1
R511M,1,1,1,1
R511N,1,1,1,1
R511P,1,1,1,1
R511Q,1,1,1,1
R511R,0,0,0,0
R511S,1,1,1,1
R511T,1,1,1,1
R511V,1,1,1,1
R511W,1,1,1,1
R511Y,1,1,1,1
A512A,0,0,0,0
A512C,1,1,1,1
A512D,1,1,1,1
A512E,1,1,1,1
A512F,1,1,1,1
A512G,1,1,1,1
A512H,1,1,1,1
A512I,1,1,1,1
A512K,1,1,1,1
A512L,1,1,1,1
A512M,1,1,1,1
A512N,1,1,1,1
A512P,1,1,1,1
A512Q,1,1,1,1
A512R,1,1,1,1
A512S,1,1,1,1
A512T,1,1,1,1
A512V,1,1,1,1
A512W,1,1,1,1
A512Y,1,1,1,1
T513A,1,1,1,1
T513C,1,1,1,1
T513D,1,1,1,1
T513E,1,1,1,1
T513F,1,1,1,1
T513G,1,1,1,1
T513H,1,1,1,1
T513I,1,1,1,1
T513K,1,1,1,1
T513L,1,1,1,1
T513M,1,1,1,1
T513N,1,1,1,1
T513P,1,1,1,1
T513Q,1,1,1,1
T513R,1,1,1,1
T513S,1,1,1,1
T513T,0,0,0,0
T513V,1,1,1,1
T513W,1,1,1,1
T513Y,1,1,1,1
I514A,1,1,1,1
I514C,1,1,1,1
I514D,1,1,1,1
I514E,1,1,1,1
I514F,1,1,1,1
I514G,1,1,1,1
I514H,1,1,1,1
I514I,0,0,0,0
I514K,1,1,1,1
I514L,1,1,1,1
I514M,1,1,1,1
I514N,1,1,1,1
I514P,1,1,1,1
I514Q,1,1,1,1
I514R,1,1,1,1
I514S,1,1,1,1
I514T,1,1,1,1
I514V,1,1,1,1
I514W,1,1,1,1
I514Y,1,1,1,1
K515A,1,1,1,1
K515C,1,1,1,1
K515D,1,1,1,1
K515E,1,1,1,1
K515F,1,1,1,1
K515G,1,1,1,1
K515H,1,1,1,1
K515I,1,1,1,1
K515K,0,0,0,0
K515L,1,1,1,1
K515M,1,1,1,1
K515N,1,1,1,1
K515P,1,1,1,1
K515Q,1,1,1,1
K515R,1,1,1,1
K515S,1,1,1,1
K515T,1,1,1,1
K515V,1,1,1,1
K515W,1,1,1,1
K515Y,1,1,1,1
V516A,1,1,1,1
V516C,1,1,1,1
V516D,1,1,1,1
V516E,1,1,1,1
V516F,1,1,1,1
V516G,1,1,1,1
V516H,1,1,1,1
V516I,1,1,1,1
V516K,1,1,1,1
V516L,1,1,1,1
V516M,1,1,1,1
V516N,1,1,1,1
V516P,1,1,1,1
V516Q,1,1,1,1
V516R,1,1,1,1
V516S,1,1,1,1
V516T,1,1,1,1
V516V,0,0,0,0
V516W,1,1,1,1
V516Y,1,1,1,1
I517A,1,1,1,1
I517C,1,1,1,1
I517D,1,1,1,1
I517E,1,1,1,1
I517F,1,1,1,1
I517G,1,1,1,1
I517H,1,1,1,1
I517I,0,0,0,0
I517K,1,1,1,1
I517L,1,1,1,1
I517M,1,1,1,1
I517N,1,1,1,1
I517P,1,1,1,1
I517Q,1,1,1,1
I517R,1,1,1,1
I517S,1,1,1,1
I517T,1,1,1,1
I517V,1,1,1,1
I517W,1,1,1,1
I517Y,1,1,1,1
R518A,1,1,1,1
R518C,1,1,1,1
R518D,1,1,1,1
R518E,1,1,1,1
R518F,1,1,1,1
R518G,1,1,1,1
R518H,1,1,1,1
R518I,1,1,1,1
R518K,1,1,1,1
R518L,1,1,1,1
R518M,1,1,1,1
R518N,1,1,1,1
R518P,1,1,1,1
R518Q,1,1,1,1
R518R,0,0,0,0
R518S,1,1,1,1
R518T,1,1,1,1
R518V,1,1,1,1
R518W,1,1,1,1
R518Y,1,1,1,1
R519A,1,1,1,1
R519C,1,1,1,1
R519D,1,1,1,1
R519E,1,1,1,1
R519F,1,1,1,1
R519G,1,1,1,1
R519H,1,1,1,1
R519I,1,1,1,1
R519K,1,1,1,1
R519L,1,1,1,1
R519M,1,1,1,1
R519N,1,1,1,1
R519P,1,1,1,1
R519Q,1,1,1,1
R519R,0,0,0,0
R519S,1,1,1,1
R519T,1,1,1,1
R519V,1,1,1,1
R519W,1,1,1,1
R519Y,1,1,1,1
M520A,1,1,1,1
M520C,1,1,1,1
M520D,1,1,1,1
M520E,1,1,1,1
M520F,1,1,1,1
M520G,1,1,1,1
M520H,1,1,1,1
M520I,1,1,1,1
M520K,1,1,1,1
M520L,1,1,1,1
M520M,0,0,0,0
M520N,1,1,1,1
M520P,1,1,1,1
M520Q,1,1,1,1
M520R,1,1,1,1
M520S,1,1,1,1
M520T,1,1,1,1
M520V,1,1,1,1
M520W,1,1,1,1
M520Y,1,1,1,1
Q521A,1,1,1,1
Q521C,1,1,1,1
Q521D,1,1,1,1
Q521E,1,1,1,1
Q521F,1,1,1,1
Q521G,1,1,1,1
Q521H,1,1,1,1
Q521I,1,1,1,1
Q521K,1,1,1,1
Q521L,1,1,1,1
Q521M,1,1,1,1
Q521N,1,1,1,1
Q521P,1,1,1,1
Q521Q,0,0,0,0
Q521R,1,1,1,1
Q521S,1,1,1,1
Q521T,1,1,1,1
Q521V,1,1,1,1
Q521W,1,1,1,1
Q521Y,1,1,1,1
Y522A,1,1,1,1
Y522C,1,1,1,1
Y522D,1,1,1,1
Y522E,1,1,1,1
Y522F,1,1,1,1
Y522G,1,1,1,1
Y522H,1,1,1,1
Y522I,1,1,1,1
Y522K,1,1,1,1
Y522L,1,1,1,1
Y522M,1,1,1,1
Y522N,1,1,1,1
Y522P,1,1,1,1
Y522Q,1,1,1,1
Y522R,1,1,1,1
Y522S,1,1,1,1
Y522T,1,1,1,1
Y522V,1,1,1,1
Y522W,1,1,1,1
Y522Y,0,0,0,0
F523A,1,1,1,1
F523C,1,1,1,1
F523D,1,1,1,1
F523E,1,1,1,1
F523F,0,0,0,0
F523G,1,1,1,1
F523H,1,1,1,1
F523I,1,1,1,1
F523K,1,1,1,1
F523L,1,1,1,1
F523M,1,1,1,1
F523N,1,1,1,1
F523P,1,1,1,1
F523Q,1,1,1,1
F523R,1,1,1,1
F523S,1,1,1,1
F523T,1,1,1,1
F523V,1,1,1,1
F523W,1,1,1,1
F523Y,1,1,1,1
V524A,1,1,1,1
V524C,1,1,1,1
V524D,1,1,1,1
V524E,1,1,1,1
V524F,1,1,1,1
V524G,1,1,1,1
V524H,1,1,1,1
V524I,1,1,1,1
V524K,1,1,1,1
V524L,1,1,1,1
V524M,1,1,1,1
V524N,1,1,1,1
V524P,1,1,1,1
V524Q,1,1,1,1
V524R,1,1,1,1
V524S,1,1,1,1
V524T,1,1,1,1
V524V,0,0,0,0
V524W,1,1,1,1
V524Y,1,1,1,1
A525A,0,0,0,0
A525C,1,1,1,1
A525D,1,1,1,1
A525E,1,1,1,1
A525F,1,1,1,1
A525G,1,1,1,1
A525H,1,1,1,1
A525I,1,1,1,1
A525K,1,1,1,1
A525L,1,1,1,1
A525M,1,1,1,1
A525N,1,1,1,1
A525P,1,1,1,1
A525Q,1,1,1,1
A525R,1,1,1,1
A525S,1,1,1,1
A525T,1,1,1,1
A525V,1,1,1,1
A525W,1,1,1,1
A525Y,1,1,1,1
K526A,1,1,1,1
K526C,1,1,1,1
K526D,1,1,1,1
K526E,1,1,1,1
K526F,1,1,1,1
K526G,1,1,1,1
K526H,1,1,1,1
K526I,1,1,1,1
K526K,0,0,0,0
K526L,1,1,1,1
K526M,1,1,1,1
K526N,1,1,1,1
K526P,1,1,1,1
K526Q,1,1,1,1
K526R,1,1,1,1
K526S,1,1,1,1
K526T,1,1,1,1
K526V,1,1,1,1
K526W,1,1,1,1
K526Y,1,1,1,1
K527A,1,1,1,1
K527C,1,1,1,1
K527D,1,1,1,1
K527E,1,1,1,1
K527F,1,1,1,1
K527G,1,1,1,1
K527H,1,1,1,1
K527I,1,1,1,1
K527K,0,0,0,0
K527L,1,1,1,1
K527M,1,1,1,1
K527N,1,1,1,1
K527P,1,1,1,1
K527Q,1,1,1,1
K527R,1,1,1,1
K527S,1,1,1,1
K527T,1,1,1,1
K527V,1,1,1,1
K527W,1,1,1,1
K527Y,1,1,1,1
K528A,1,1,1,1
K528C,1,1,1,1
K528D,1,1,1,1
K528E,1,1,1,1
K528F,1,1,1,1
K528G,1,1,1,1
K528H,1,1,1,1
K528I,1,1,1,1
K528K,0,0,0,0
K528L,1,1,1,1
K528M,1,1,1,1
K528N,1,1,1,1
K528P,1,1,1,1
K528Q,1,1,1,1
K528R,1,1,1,1
K528S,1,1,1,1
K528T,1,1,1,1
K528V,1,1,1,1
K528W,1,1,1,1
K528Y,1,1,1,1
F529A,1,1,1,1
F529C,1,1,1,1
F529D,1,1,1,1
F529E,1,1,1,1
F529F,0,0,0,0
F529G,1,1,1,1
F529H,1,1,1,1
F529I,1,1,1,1
F529K,1,1,1,1
F529L,1,1,1,1
F529M,1,1,1,1
F529N,1,1,1,1
F529P,1,1,1,1
F529Q,1,1,1,1
F529R,1,1,1,1
F529S,1,1,1,1
F529T,1,1,1,1
F529V,1,1,1,1
F529W,1,1,1,1
F529Y,1,1,1,1
Q530A,1,1,1,1
Q530C,1,1,1,1
Q530D,1,1,1,1
Q530E,1,1,1,1
Q530F,1,1,1,1
Q530G,1,1,1,1
Q530H,1,1,1,1
Q530I,1,1,1,1
Q530K,1,1,1,1
Q530L,1,1,1,1
Q530M,1,1,1,1
Q530N,1,1,1,1
Q530P,1,1,1,1
Q530Q,0,0,0,0
Q530R,1,1,1,1
Q530S,1,1,1,1
Q530T,1,1,1,1
Q530V,1,1,1,1
Q530W,1,1,1,1
Q530Y,1,1,1,1
Q531A,1,1,1,1
Q531C,1,1,1,1
Q531D,1,1,1,1
Q531E,1,1,1,1
Q531F,1,1,1,1
Q531G,1,1,1,1
Q531H,1,1,1,1
Q531I,1,1,1,1
Q531K,1,1,1,1
Q531L,1,1,1,1
Q531M,1,1,1,1
Q531N,1,1,1,1
Q531P,1,1,1,1
Q531Q,0,0,0,0
Q531R,1,1,1,1
Q531S,1,1,1,1
Q531T,1,1,1,1
Q531V,1,1,1,1
Q531W,1,1,1,1
Q531Y,1,1,1,1
A532A,0,0,0,0
A532C,1,1,1,1
A532D,1,1,1,1
A532E,1,1,1,1
A532F,1,1,1,1
A532G,1,1,1,1
A532H,1,1,1,1
A532I,1,1,1,1
A532K,1,1,1,1
A532L,1,1,1,1
A532M,1,1,1,1
A532N,1,1,1,1
A532P,1,1,1,1
A532Q,1,1,1,1
A532R,1,1,1,1
A532S,1,1,1,1
A532T,1,1,1,1
A532V,1,1,1,1
A532W,1,1,1,1
A532Y,1,1,1,1
R533A,1,1,1,1
R533C,1,1,1,1
R533D,1,1,1,1
R533E,1,1,1,1
R533F,1,1,1,1
R533G,1,1,1,1
R533H,1,1,1,1
R533I,1,1,1,1
R533K,1,1,1,1
R533L,1,1,1,1
R533M,1,1,1,1
R533N,1,1,1,1
R533P,1,1,1,1
R533Q,1,1,1,1
R533R,0,0,0,0
R533S,1,1,1,1
R533T,1,1,1,1
R533V,1,1,1,1
R533W,1,1,1,1
R533Y,1,1,1,1
K534A,1,1,1,1
K534C,1,1,1,1
K534D,1,1,1,1
K534E,1,1,1,1
K534F,1,1,1,1
K534G,1,1,1,1
K534H,1,1,1,1
K534I,1,1,1,1
K534K,0,0,0,0
K534L,1,1,1,1
K534M,1,1,1,1
K534N,1,1,1,1
K534P,1,1,1,1
K534Q,1,1,1,1
K534R,1,1,1,1
K534S,1,1,1,1
K534T,1,1,1,1
K534V,1,1,1,1
K534W,1,1,1,1
K534Y,1,1,1,1
P535A,1,1,1,1
P535C,1,1,1,1
P535D,1,1,1,1
P535E,1,1,1,1
P535F,1,1,1,1
P535G,1,1,1,1
P535H,1,1,1,1
P535I,1,1,1,1
P535K,1,1,1,1
P535L,1,1,1,1
P535M,1,1,1,1
P535N,1,1,1,1
P535P,0,0,0,0
P535Q,1,1,1,1
P535R,1,1,1,1
P535S,1,1,1,1
P535T,1,1,1,1
P535V,1,1,1,1
P535W,1,1,1,1
P535Y,1,1,1,1
Y536A,1,1,1,1
Y536C,1,1,1,1
Y536D,1,1,1,1
Y536E,1,1,1,1
Y536F,1,1,1,1
Y536G,1,1,1,1
Y536H,1,1,1,1
Y536I,1,1,1,1
Y536K,1,1,1,1
Y536L,1,1,1,1
Y536M,1,1,1,1
Y536N,1,1,1,1
Y536P,1,1,1,1
Y536Q,1,1,1,1
Y536R,1,1,1,1
Y536S,1,1,1,1
Y536T,1,1,1,1
Y536V,1,1,1,1
Y536W,1,1,1,1
Y536Y,0,0,0,0
D537A,1,1,1,1
D537C,1,1,1,1
D537D,0,0,0,0
D537E,1,1,1,1
D537F,1,1,1,1
D537G,1,1,1,1
D537H,1,1,1,1
D537I,1,1,1,1
D537K,1,1,1,1
D537L,1,1,1,1
D537M,1,1,1,1
D537N,1,1,1,1
D537P,1,1,1,1
D537Q,1,1,1,1
D537R,1,1,1,1
D537S,1,1,1,1
D537T,1,1,1,1
D537V,1,1,1,1
D537W,1,1,1,1
D537Y,1,1,1,1
V538A,1,1,1,1
V538C,1,1,1,1
V538D,1,1,1,1
V538E,1,1,1,1
V538F,1,1,1,1
V538G,1,1,1,1
V538H,1,1,1,1
V538I,1,1,1,1
V538K,1,1,1,1
V538L,1,1,1,1
V538M,1,1,1,1
V538N,1,1,1,1
V538P,1,1,1,1
V538Q,1,1,1,1
V538R,1,1,1,1
V538S,1,1,1,1
V538T,1,1,1,1
V538V,0,0,0,0
V538W,1,1,1,1
V538Y,1,1,1,1
R539A,1,1,1,1
R539C,1,1,1,1
R539D,1,1,1,1
R539E,1,1,1,1
R539F,1,1,1,1
R539G,1,1,1,1
R539H,1,1,1,1
R539I,1,1,1,1
R539K,1,1,1,1
R539L,1,1,1,1
R539M,1,1,1,1
R539N,1,1,1,1
R539P,1,1,1,1
R539Q,1,1,1,1
R539R,0,0,0,0
R539S,1,1,1,1
R539T,1,1,1,1
R539V,1,1,1,1
R539W,1,1,1,1
R539Y,1,1,1,1
D540A,1,1,1,1
D540C,1,1,1,1
D540D,0,0,0,0
D540E,1,1,1,1
D540F,1,1,1,1
D540G,1,1,1,1
D540H,1,1,1,1
D540I,1,1,1,1
D540K,1,1,1,1
D540L,1,1,1,1
D540M,1,1,1,1
D540N,1,1,1,1
D540P,1,1,1,1
D540Q,1,1,1,1
D540R,1,1,1,1
D540S,1,1,1,1
D540T,1,1,1,1
D540V,1,1,1,1
D540W,1,1,1,1
D540Y,1,1,1,1
V541A,1,1,1,1
V541C,1,1,1,1
V541D,1,1,1,1
V541E,1,1,1,1
V541F,1,1,1,1
V541G,1,1,1,1
V541H,1,1,1,1
V541I,1,1,1,1
V541K,1,1,1,1
V541L,1,1,1,1
V541M,1,1,1,1
V541N,1,1,1,1
V541P,1,1,1,1
V541Q,1,1,1,1
V541R,1,1,1,1
V541S,1,1,1,1
V541T,1,1,1,1
V541V,0,0,0,0
V541W,1,1,1,1
V541Y,1,1,1,1
I542A,1,1,1,1
I542C,1,1,1,1
I542D,1,1,1,1
I542E,1,1,1,1
I542F,1,1,1,1
I542G,1,1,1,1
I542H,1,1,1,1
I542I,0,0,0,0
I542K,1,1,1,1
I542L,1,1,1,1
I542M,1,1,1,1
I542N,1,1,1,1
I542P,1,1,1,1
I542Q,1,1,1,1
I542R,1,1,1,1
I542S,1,1,1,1
I542T,1,1,1,1
I542V,1,1,1,1
I542W,1,1,1,1
I542Y,1,1,1,1
E543A,1,1,1,1
E543C,1,1,1,1
E543D,1,1,1,1
E543E,0,0,0,0
E543F,1,1,1,1
E543G,1,1,1,1
E543H,1,1,1,1
E543I,1,1,1,1
E543K,1,1,1,1
E543L,1,1,1,1
E543M,1,1,1,1
E543N,1,1,1,1
E543P,1,1,1,1
E543Q,1,1,1,1
E543R,1,1,1,1
E543S,1,1,1,1
E543T,1,1,1,1
E543V,1,1,1,1
E543W,1,1,1,1
E543Y,1,1,1,1
Q544A,1,1,1,1
Q544C,1,1,1,1
Q544D,1,1,1,1
Q544E,1,1,1,1
Q544F,1,1,1,1
Q544G,1,1,1,1
Q544H,1,1,1,1
Q544I,1,1,1,1
Q544K,1,1,1,1
Q544L,1,1,1,1
Q544M,1,1,1,1
Q544N,1,1,1,1
Q544P,1,1,1,1
Q544Q,0,0,0,0
Q544R,1,1,1,1
Q544S,1,1,1,1
Q544T,1,1,1,1
Q544V,1,1,1,1
Q544W,1,1,1,1
Q544Y,1,1,1,1
Y545A,1,1,1,1
Y545C,1,1,1,1
Y545D,1,1,1,1
Y545E,1,1,1,1
Y545F,1,1,1,1
Y545G,1,1,1,1
Y545H,1,1,1,1
Y545I,1,1,1,1
Y545K,1,1,1,1
Y545L,1,1,1,1
Y545M,1,1,1,1
Y545N,1,1,1,1
Y545P,1,1,1,1
Y545Q,1,1,1,1
Y545R,1,1,1,1
Y545S,1,1,1,1
Y545T,1,1,1,1
Y545V,1,1,1,1
Y545W,1,1,1,1
Y545Y,0,0,0,0
S546A,1,1,1,1
S546C,1,1,1,1
S546D,1,1,1,1
S546E,1,1,1,1
S546F,1,1,1,1
S546G,1,1,1,1
S546H,1,1,1,1
S546I,1,1,1,1
S546K,1,1,1,1
S546L,1,1,1,1
S546M,1,1,1,1
S546N,1,1,1,1
S546P,1,1,1,1
S546Q,1,1,1,1
S546R,1,1,1,1
S546S,0,0,0,0
S546T,1,1,1,1
S546V,1,1,1,1
S546W,1,1,1,1
S546Y,1,1,1,1
Q547A,1,1,1,1
Q547C,1,1,1,1
Q547D,1,1,1,1
Q547E,1,1,1,1
Q547F,1,1,1,1
Q547G,1,1,1,1
Q547H,1,1,1,1
Q547I,1,1,1,1
Q547K,1,1,1,1
Q547L,1,1,1,1
Q547M,1,1,1,1
Q547N,1,1,1,1
Q547P,1,1,1,1
Q547Q,0,0,0,0
Q547R,1,1,1,1
Q547S,1,1,1,1
Q547T,1,1,1,1
Q547V,1,1,1,1
Q547W,1,1,1,1
Q547Y,1,1,1,1
G548A,1,1,1,1
G548C,1,1,1,1
G548D,1,1,1,1
G548E,1,1,1,1
G548F,1,1,1,1
G548G,0,0,0,0
G548H,1,1,1,1
G548I,1,1,1,1
G548K,1,1,1,1
G548L,1,1,1,1
G548M,1,1,1,1
G548N,1,1,1,1
G548P,1,1,1,1
G548Q,1,1,1,1
G548R,1,1,1,1
G548S,1,1,1,1
G548T,1,1,1,1
G548V,1,1,1,1
G548W,1,1,1,1
G548Y,1,1,1,1
H549A,1,1,1,1
H549C,1,1,1,1
H549D,1,1,1,1
H549E,1,1,1,1
H549F,1,1,1,1
H549G,1,1,1,1
H549H,0,0,0,0
H549I,1,1,1,1
H549K,1,1,1,1
H549L,1,1,1,1
H549M,1,1,1,1
H549N,1,1,1,1
H549P,1,1,1,1
H549Q,1,1,1,1
H549R,1,1,1,1
H549S,1,1,1,1
H549T,1,1,1,1
H549V,1,1,1,1
H549W,1,1,1,1
H549Y,1,1,1,1
L550A,1,1,1,1
L550C,1,1,1,1
L550D,1,1,1,1
L550E,1,1,1,1
L550F,1,1,1,1
L550G,1,1,1,1
L550H,1,1,1,1
L550I,1,1,1,1
L550K,1,1,1,1
L550L,0,0,0,0
L550M,1,1,1,1
L550N,1,1,1,1
L550P,1,1,1,1
L550Q,1,1,1,1
L550R,1,1,1,1
L550S,1,1,1,1
L550T,1,1,1,1
L550V,1,1,1,1
L550W,1,1,1,1
L550Y,1,1,1,1
N551A,1,1,1,1
N551C,1,1,1,1
N551D,1,1,1,1
N551E,1,1,1,1
N551F,1,1,1,1
N551G,1,1,1,1
N551H,1,1,1,1
N551I,1,1,1,1
N551K,1,1,1,1
N551L,1,1,1,1
N551M,1,1,1,1
N551N,0,0,0,0
N551P,1,1,1,1
N551Q,1,1,1,1
N551R,1,1,1,1
N551S,1,1,1,1
N551T,1,1,1,1
N551V,1,1,1,1
N551W,1,1,1,1
N551Y,1,1,1,1
L552A,1,1,1,1
L552C,1,1,1,1
L552D,1,1,1,1
L552E,1,1,1,1
L552F,1,1,1,1
L552G,1,1,1,1
L552H,1,1,1,1
L552I,1,1,1,1
L552K,1,1,1,1
L552L,0,0,0,0
L552M,1,1,1,1
L552N,1,1,1,1
L552P,1,1,1,1
L552Q,1,1,1,1
L552R,1,1,1,1
L552S,1,1,1,1
L552T,1,1,1,1
L552V,1,1,1,1
L552W,1,1,1,1
L552Y,1,1,1,1
M553A,1,1,1,1
M553C,1,1,1,1
M553D,1,1,1,1
M553E,1,1,1,1
M553F,1,1,1,1
M553G,1,1,1,1
M553H,1,1,1,1
M553I,1,1,1,1
M553K,1,1,1,1
M553L,1,1,1,1
M553M,0,0,0,0
M553N,1,1,1,1
M553P,1,1,1,1
M553Q,1,1,1,1
M553R,1,1,1,1
M553S,1,1,1,1
M553T,1,1,1,1
M553V,1,1,1,1
M553W,1,1,1,1
M553Y,1,1,1,1
V554A,1,1,1,1
V554C,1,1,1,1
V554D,1,1,1,1
V554E,1,1,1,1
V554F,1,1,1,1
V554G,1,1,1,1
V554H,1,1,1,1
V554I,1,1,1,1
V554K,1,1,1,1
V554L,1,1,1,1
V554M,1,1,1,1
V554N,1,1,1,1
V554P,1,1,1,1
V554Q,1,1,1,1
V554R,1,1,1,1
V554S,1,1,1,1
V554T,1,1,1,1
V554V,0,0,0,0
V554W,1,1,1,1
V554Y,1,1,1,1
R555A,1,1,1,1
R555C,1,1,1,1
R555D,1,1,1,1
R555E,1,1,1,1
R555F,1,1,1,1
R555G,1,1,1,1
R555H,1,1,1,1
R555I,1,1,1,1
R555K,1,1,1,1
R555L,1,1,1,1
R555M,1,1,1,1
R555N,1,1,1,1
R555P,1,1,1,1
R555Q,1,1,1,1
R555R,0,0,0,0
R555S,1,1,1,1
R555T,1,1,1,1
R555V,1,1,1,1
R555W,1,1,1,1
R555Y,1,1,1,1
I556A,1,1,1,1
I556C,1,1,1,1
I556D,1,1,1,1
I556E,1,1,1,1
I556F,1,1,1,1
I556G,1,1,1,1
I556H,1,1,1,1
I556I,0,0,0,0
I556K,1,1,1,1
I556L,1,1,1,1
I556M,1,1,1,1
I556N,1,1,1,1
I556P,1,1,1,1
I556Q,1,1,1,1
I556R,1,1,1,1
I556S,1,1,1,1
I556T,1,1,1,1
I556V,1,1,1,1
I556W,1,1,1,1
I556Y,1,1,1,1
K557A,1,1,1,1
K557C,1,1,1,1
K557D,1,1,1,1
K557E,1,1,1,1
K557F,1,1,1,1
K557G,1,1,1,1
K557H,1,1,1,1
K557I,1,1,1,1
K557K,0,0,0,0
K557L,1,1,1,1
K557M,1,1,1,1
K557N,1,1,1,1
K557P,1,1,1,1
K557Q,1,1,1,1
K557R,1,1,1,1
K557S,1,1,1,1
K557T,1,1,1,1
K557V,1,1,1,1
K557W,1,1,1,1
K557Y,1,1,1,1
E558A,1,1,1,1
E558C,1,1,1,1
E558D,1,1,1,1
E558E,0,0,0,0
E558F,1,1,1,1
E558G,1,1,1,1
E558H,1,1,1,1
E558I,1,1,1,1
E558K,1,1,1,1
E558L,1,1,1,1
E558M,1,1,1,1
E558N,1,1,1,1
E558P,1,1,1,1
E558Q,1,1,1,1
E558R,1,1,1,1
E558S,1,1,1,1
E558T,1,1,1,1
E558V,1,1,1,1
E558W,1,1,1,1
E558Y,1,1,1,1
L559A,1,1,1,1
L559C,1,1,1,1
L559D,1,1,1,1
L559E,1,1,1,1
L559F,1,1,1,1
L559G,1,1,1,1
L559H,1,1,1,1
L559I,1,1,1,1
L559K,1,1,1,1
L559L,0,0,0,0
L559M,1,1,1,1
L559N,1,1,1,1
L559P,1,1,1,1
L559Q,1,1,1,1
L559R,1,1,1,1
L559S,1,1,1,1
L559T,1,1,1,1
L559V,1,1,1,1
L559W,1,1,1,1
L559Y,1,1,1,1
Q560A,1,1,1,1
Q560C,1,1,1,1
Q560D,1,1,1,1
Q560E,1,1,1,1
Q560F,1,1,1,1
Q560G,1,1,1,1
Q560H,1,1,1,1
Q560I,1,1,1,1
Q560K,1,1,1,1
Q560L,1,1,1,1
Q560M,1,1,1,1
Q560N,1,1,1,1
Q560P,1,1,1,1
Q560Q,0,0,0,0
Q560R,1,1,1,1
Q560S,1,1,1,1
Q560T,1,1,1,1
Q560V,1,1,1,1
Q560W,1,1,1,1
Q560Y,1,1,1,1
R561A,1,1,1,1
R561C,1,1,1,1
R561D,1,1,1,1
R561E,1,1,1,1
R561F,1,1,1,1
R561G,1,1,1,1
R561H,1,1,1,1
R561I,1,1,1,1
R561K,1,1,1,1
R561L,1,1,1,1
R561M,1,1,1,1
R561N,1,1,1,1
R561P,1,1,1,1
R561Q,1,1,1,1
R561R,0,0,0,0
R561S,1,1,1,1
R561T,1,1,1,1
R561V,1,1,1,1
R561W,1,1,1,1
R561Y,1,1,1,1
R562A,1,1,1,1
R562C,1,1,1,1
R562D,1,1,1,1
R562E,1,1,1,1
R562F,1,1,1,1
R562G,1,1,1,1
R562H,1,1,1,1
R562I,1,1,1,1
R562K,1,1,1,1
R562L,1,1,1,1
R562M,1,1,1,1
R562N,1,1,1,1
R562P,1,1,1,1
R562Q,1,1,1,1
R562R,0,0,0,0
R562S,1,1,1,1
R562T,1,1,1,1
R562V,1,1,1,1
R562W,1,1,1,1
R562Y,1,1,1,1
L563A,1,1,1,1
L563C,1,1,1,1
L563D,1,1,1,1
L563E,1,1,1,1
L563F,1,1,1,1
L563G,1,1,1,1
L563H,1,1,1,1
L563I,1,1,1,1
L563K,1,1,1,1
L563L,0,0,0,0
L563M,1,1,1,1
L563N,1,1,1,1
L563P,1,1,1,1
L563Q,1,1,1,1
L563R,1,1,1,1
L563S,1,1,1,1
L563T,1,1,1,1
L563V,1,1,1,1
L563W,1,1,1,1
L563Y,1,1,1,1
D564A,1,1,1,1
D564C,1,1,1,1
D564D,0,0,0,0
D564E,1,1,1,1
D564F,1,1,1,1
D564G,1,1,1,1
D564H,1,1,1,1
D564I,1,1,1,1
D564K,1,1,1,1
D564L,1,1,1,1
D564M,1,1,1,1
D564N,1,1,1,1
D564P,1,1,1,1
D564Q,1,1,1,1
D564R,1,1,1,1
D564S,1,1,1,1
D564T,1,1,1,1
D564V,1,1,1,1
D564W,1,1,1,1
D564Y,1,1,1,1